/*
MASSA DE DADOS REALISTA - SISTEMA DE ACADEMIA

SET DATEFORMAT ymd;
GO

/* CARGOS */
SET IDENTITY_INSERT cargos ON;
INSERT INTO cargos (id, nome, descricao) VALUES
(1, 'Recepcionista', 'Atendimento, cadastro, liberação de acesso e suporte ao aluno'),
(2, 'Consultor de Vendas', 'Vendas de planos, renovação e relacionamento comercial'),
(3, 'Instrutor de Musculacao', 'Orientação no salão de musculação e suporte técnico'),
(4, 'Personal Trainer', 'Treinamento individualizado e acompanhamento específico'),
(5, 'Avaliador Fisico', 'Avaliação física, medidas corporais e acompanhamento de evolução'),
(6, 'Professor de Aulas Coletivas', 'Aulas funcionais, dança, bike e modalidades coletivas'),
(7, 'Coordenador Tecnico', 'Gestão técnica da equipe de educação física'),
(8, 'Gerente da Unidade', 'Gestão administrativa, comercial e operacional da academia');
SET IDENTITY_INSERT cargos OFF;
GO

/* METODOS_PAGAMENTO */
SET IDENTITY_INSERT metodos_pagamento ON;
INSERT INTO metodos_pagamento (id, descricao) VALUES
(1, 'Cartao de credito'),
(2, 'Cartao de debito'),
(3, 'Pix'),
(4, 'Boleto bancario'),
(5, 'Dinheiro');
SET IDENTITY_INSERT metodos_pagamento OFF;
GO

/* MOTIVOS_CANCELAMENTO */
SET IDENTITY_INSERT motivos_cancelamento ON;
INSERT INTO motivos_cancelamento (id, descricao) VALUES
(1, 'Mudanca de cidade'),
(2, 'Problemas financeiros'),
(3, 'Falta de tempo'),
(4, 'Insatisfacao com servico'),
(5, 'Lesao ou recomendacao medica'),
(6, 'Fim de contrato sem renovacao');
SET IDENTITY_INSERT motivos_cancelamento OFF;
GO

/* DISPOSITIVOS_CATRACA */
SET IDENTITY_INSERT dispositivos_catraca ON;
INSERT INTO dispositivos_catraca (id, nome_dispositivo, localizacao, fabricante, modelo, ativo) VALUES
(1, 'Catraca Principal Entrada', 'Recepcao - entrada', 'TopData', 'Inner Acesso', 1),
(2, 'Catraca Principal Saida', 'Recepcao - saida', 'TopData', 'Inner Acesso', 1),
(3, 'Catraca Visitantes', 'Recepcao - visitantes', 'Henry', 'Primme Acesso', 1),
(4, 'Leitor Sala Coletiva', 'Entrada da sala coletiva', 'Control iD', 'IDFlex', 1);
SET IDENTITY_INSERT dispositivos_catraca OFF;
GO

/* PLANOS */
SET IDENTITY_INSERT planos ON;
INSERT INTO planos (id, nome, descricao, valor_mensal, taxa_adesao, duracao_meses, limite_acessos_diarios, ativo, data_criacao) VALUES
(1, 'Mensal Basico', 'Acesso livre a musculacao, sem fidelidade', 99.90, 49.90, 1, 1, 1, '2025-01-01 08:00:00'),
(2, 'Trimestral', 'Plano trimestral com desconto moderado', 89.90, 29.90, 3, 2, 1, '2025-01-01 08:00:00'),
(3, 'Semestral', 'Plano semestral com melhor custo mensal', 79.90, 0.00, 6, 2, 1, '2025-01-01 08:00:00'),
(4, 'Anual Premium', 'Musculacao, coletivas e avaliacao fisica inclusa', 69.90, 0.00, 12, NULL, 1, '2025-01-01 08:00:00'),
(5, 'Horario Reduzido', 'Acesso em horarios de menor movimento', 59.90, 29.90, 1, 1, 1, '2025-01-01 08:00:00'),
(6, 'Visitante Diario', 'Acesso avulso controlado pela recepcao', 25.00, 0.00, 1, 1, 1, '2025-01-01 08:00:00');
SET IDENTITY_INSERT planos OFF;
GO

/* FUNCIONARIOS */
SET IDENTITY_INSERT funcionarios ON;
INSERT INTO funcionarios (id, nome_completo, cpf, id_cargo, salario, data_contratacao, turno_trabalho, email_corporativo, telefone, nome_conselho, numero_conselho, uf_conselho, ativo) VALUES
(1, 'Ana Paula', '10000000001', 1, 2300, '2023-03-04', 'D', 'ana.paula@academiafit.local', '48992000001', NULL, NULL, NULL, 1),
(2, 'Bruno Henrique', '10000000002', 2, 2800, '2024-05-07', 'D', 'bruno.henrique@academiafit.local', '48992000002', NULL, NULL, NULL, 1),
(3, 'Carla Cristina', '10000000003', 3, 3200, '2025-07-10', 'D', 'carla.cristina@academiafit.local', '48992000003', 'CREF', '12003/G-SC', 'SC', 1),
(4, 'Diego Rafael', '10000000004', 3, 3500, '2022-09-13', 'N', 'diego.rafael@academiafit.local', '48992000004', 'CREF', '12004/G-SC', 'SC', 1),
(5, 'Eduarda Martins', '10000000005', 5, 3100, '2023-11-16', 'D', 'eduarda.martins@academiafit.local', '48992000005', 'CREF', '12005/G-SC', 'SC', 1),
(6, 'Fernando Lima', '10000000006', 2, 2900, '2024-01-19', 'D', 'fernando.lima@academiafit.local', '48992000006', NULL, NULL, NULL, 1),
(7, 'Gabriela Rocha', '10000000007', 6, 4700, '2025-03-22', 'D', 'gabriela.rocha@academiafit.local', '48992000007', 'CREF', '12007/G-SC', 'SC', 1),
(8, 'Henrique Alves', '10000000008', 3, 3300, '2022-05-25', 'N', 'henrique.alves@academiafit.local', '48992000008', 'CREF', '12008/G-SC', 'SC', 1),
(9, 'Isabela Nunes', '10000000009', 1, 2200, '2023-07-03', 'D', 'isabela.nunes@academiafit.local', '48992000009', NULL, NULL, NULL, 1),
(10, 'Joao Pedro', '10000000010', 4, 3000, '2024-09-06', 'D', 'joao.pedro@academiafit.local', '48992000010', 'CREF', '12010/G-SC', 'SC', 1),
(11, 'Juliana Costa', '10000000011', 5, 3150, '2025-11-09', 'D', 'juliana.costa@academiafit.local', '48992000011', 'CREF', '12011/G-SC', 'SC', 1),
(12, 'Lucas Ferreira', '10000000012', 7, 6200, '2022-01-12', 'D', 'lucas.ferreira@academiafit.local', '48992000012', NULL, NULL, NULL, 1),
(13, 'Mariana Souza', '10000000013', 3, 3400, '2023-03-15', 'D', 'mariana.souza@academiafit.local', '48992000013', 'CREF', '12013/G-SC', 'SC', 1),
(14, 'Paulo Cesar', '10000000014', 8, 2500, '2024-05-18', 'N', 'paulo.cesar@academiafit.local', '48992000014', NULL, NULL, NULL, 1),
(15, 'Renata Almeida', '10000000015', 4, 3050, '2025-07-21', 'D', 'renata.almeida@academiafit.local', '48992000015', 'CREF', '12015/G-SC', 'SC', 1);
SET IDENTITY_INSERT funcionarios OFF;
GO

/* ALUNOS */
SET IDENTITY_INSERT alunos ON;
INSERT INTO alunos (id, nome_completo, cpf, data_nascimento, genero, email, telefone, contato_emergencia_nome, contato_emergencia_telefone, data_cadastro, ativo) VALUES
(1, 'Bernardo Silva Almeida', '20000000001', '1990-04-05', 'M', 'aluno001@email.com', '48993000001', 'Contato 001', '48983000001', '2025-04-15 09:00:00', 1),
(2, 'Julia Oliveira Araújo', '20000000002', '2002-01-01', 'F', 'aluno002@email.com', '48993000002', 'Contato 002', '48983000002', '2025-04-06 09:00:00', 1),
(3, 'Maria Eduarda Ferreira Carvalho', '20000000003', '1976-09-07', 'F', 'aluno003@email.com', '48993000003', 'Contato 003', '48983000003', '2026-03-06 09:00:00', 1),
(4, 'Valentina Nunes Araújo', '20000000004', '1992-01-25', 'F', 'aluno004@email.com', '48993000004', 'Contato 004', '48983000004', '2025-06-13 09:00:00', 1),
(5, 'Rafael Martins Almeida', '20000000005', '1984-04-25', 'M', 'aluno005@email.com', '48993000005', 'Contato 005', '48983000005', '2025-12-11 09:00:00', 1),
(6, 'Gabriel Oliveira Barbosa', '20000000006', '1981-06-28', 'M', 'aluno006@email.com', '48993000006', 'Contato 006', '48983000006', '2025-12-19 09:00:00', 1),
(7, 'Clara Almeida Souza', '20000000007', '2004-09-04', 'F', 'aluno007@email.com', '48993000007', 'Contato 007', '48983000007', '2026-01-23 09:00:00', 1),
(8, 'Davi Gomes Ribeiro', '20000000008', '1998-10-07', 'M', 'aluno008@email.com', '48993000008', 'Contato 008', '48983000008', '2025-03-13 09:00:00', 1),
(9, 'Gael Ferreira Ribeiro', '20000000009', '1980-04-28', 'M', 'aluno009@email.com', '48993000009', 'Contato 009', '48983000009', '2025-04-14 09:00:00', 1),
(10, 'Lucas Almeida Nunes', '20000000010', '1998-03-12', 'M', 'aluno010@email.com', '48993000010', 'Contato 010', '48983000010', '2025-12-30 09:00:00', 1),
(11, 'Maria Eduarda Almeida Oliveira', '20000000011', '1985-09-24', 'F', 'aluno011@email.com', '48993000011', 'Contato 011', '48983000011', '2025-09-08 09:00:00', 1),
(12, 'Helena Nunes Barbosa', '20000000012', '1992-11-23', 'F', 'aluno012@email.com', '48993000012', 'Contato 012', '48983000012', '2025-08-13 09:00:00', 1),
(13, 'Lorenzo Souza Ferreira', '20000000013', '1977-06-13', 'M', 'aluno013@email.com', '48993000013', 'Contato 013', '48983000013', '2025-10-02 09:00:00', 1),
(14, 'Theo Costa Araújo', '20000000014', '1995-04-21', 'M', 'aluno014@email.com', '48993000014', 'Contato 014', '48983000014', '2026-05-27 09:00:00', 1),
(15, 'Nicolas Nunes Pereira', '20000000015', '1991-03-08', 'M', 'aluno015@email.com', '48993000015', 'Contato 015', '48983000015', '2025-09-27 09:00:00', 1),
(16, 'Mariana Cardoso Araújo', '20000000016', '2000-06-08', 'F', 'aluno016@email.com', '48993000016', 'Contato 016', '48983000016', '2025-05-22 09:00:00', 1),
(17, 'Eloá Mendes Oliveira', '20000000017', '1978-02-05', 'F', 'aluno017@email.com', '48993000017', 'Contato 017', '48983000017', '2025-06-13 09:00:00', 1),
(18, 'Rafael Vieira Oliveira', '20000000018', '1999-07-20', 'M', 'aluno018@email.com', '48993000018', 'Contato 018', '48983000018', '2026-04-25 09:00:00', 1),
(19, 'Luiza Almeida Gomes', '20000000019', '1975-11-24', 'F', 'aluno019@email.com', '48993000019', 'Contato 019', '48983000019', '2025-04-28 09:00:00', 1),
(20, 'Julia Almeida Martins', '20000000020', '1982-05-14', 'F', 'aluno020@email.com', '48993000020', 'Contato 020', '48983000020', '2025-06-11 09:00:00', 1),
(21, 'Guilherme Silva Almeida', '20000000021', '2007-03-17', 'M', 'aluno021@email.com', '48993000021', 'Contato 021', '48983000021', '2025-04-19 09:00:00', 1),
(22, 'Livia Carvalho Vieira', '20000000022', '1987-03-12', 'F', 'aluno022@email.com', '48993000022', 'Contato 022', '48983000022', '2025-06-15 09:00:00', 1),
(23, 'Julia Carvalho Silva', '20000000023', '1995-08-01', 'F', 'aluno023@email.com', '48993000023', 'Contato 023', '48983000023', '2025-04-25 09:00:00', 1),
(24, 'Matheus Ribeiro Ferreira', '20000000024', '1978-04-19', 'M', 'aluno024@email.com', '48993000024', 'Contato 024', '48983000024', '2025-03-22 09:00:00', 1),
(25, 'Davi Mendes Oliveira', '20000000025', '1983-03-22', 'M', 'aluno025@email.com', '48993000025', 'Contato 025', '48983000025', '2026-05-02 09:00:00', 1),
(26, 'Antonella Lima Almeida', '20000000026', '2008-10-14', 'F', 'aluno026@email.com', '48993000026', 'Contato 026', '48983000026', '2025-08-05 09:00:00', 1),
(27, 'Julia Costa Ribeiro', '20000000027', '2000-11-21', 'F', 'aluno027@email.com', '48993000027', 'Contato 027', '48983000027', '2026-01-18 09:00:00', 1),
(28, 'Henrique Carvalho Nunes', '20000000028', '1982-04-08', 'M', 'aluno028@email.com', '48993000028', 'Contato 028', '48983000028', '2025-03-07 09:00:00', 1),
(29, 'Pedro Silva Araújo', '20000000029', '1989-10-08', 'M', 'aluno029@email.com', '48993000029', 'Contato 029', '48983000029', '2025-01-08 09:00:00', 1),
(30, 'Theo Souza Ferreira', '20000000030', '1979-01-28', 'M', 'aluno030@email.com', '48993000030', 'Contato 030', '48983000030', '2025-12-05 09:00:00', 1),
(31, 'Theo Carvalho Ferreira', '20000000031', '1992-11-16', 'M', 'aluno031@email.com', '48993000031', 'Contato 031', '48983000031', '2025-08-08 09:00:00', 1),
(32, 'Julia Pereira Araújo', '20000000032', '2005-04-26', 'F', 'aluno032@email.com', '48993000032', 'Contato 032', '48983000032', '2026-04-30 09:00:00', 1),
(33, 'Joaquim Costa Santos', '20000000033', '1981-11-14', 'M', 'aluno033@email.com', '48993000033', 'Contato 033', '48983000033', '2025-12-29 09:00:00', 1),
(34, 'Rafael Cardoso Nunes', '20000000034', '1978-11-21', 'M', 'aluno034@email.com', '48993000034', 'Contato 034', '48983000034', '2025-04-11 09:00:00', 1),
(35, 'Heitor Barbosa Martins', '20000000035', '1981-04-07', 'M', 'aluno035@email.com', '48993000035', 'Contato 035', '48983000035', '2025-07-14 09:00:00', 1),
(36, 'Julia Nunes Pereira', '20000000036', '2002-03-09', 'F', 'aluno036@email.com', '48993000036', 'Contato 036', '48983000036', '2026-04-19 09:00:00', 1),
(37, 'Heloisa Oliveira Nunes', '20000000037', '1981-01-21', 'F', 'aluno037@email.com', '48993000037', 'Contato 037', '48983000037', '2025-01-16 09:00:00', 1),
(38, 'Davi Ferreira Lima', '20000000038', '2001-08-16', 'M', 'aluno038@email.com', '48993000038', 'Contato 038', '48983000038', '2025-08-07 09:00:00', 1),
(39, 'Nicolas Souza Lima', '20000000039', '1999-01-13', 'M', 'aluno039@email.com', '48993000039', 'Contato 039', '48983000039', '2025-09-29 09:00:00', 1),
(40, 'Guilherme Ribeiro Cardoso', '20000000040', '2006-03-07', 'M', 'aluno040@email.com', '48993000040', 'Contato 040', '48983000040', '2025-10-31 09:00:00', 1),
(41, 'Maria Eduarda Souza Araújo', '20000000041', '1978-12-11', 'F', 'aluno041@email.com', '48993000041', 'Contato 041', '48983000041', '2025-02-28 09:00:00', 1),
(42, 'Heitor Araújo Mendes', '20000000042', '2007-09-06', 'M', 'aluno042@email.com', '48993000042', 'Contato 042', '48983000042', '2025-02-28 09:00:00', 1),
(43, 'Eloá Oliveira Lima', '20000000043', '1979-10-03', 'F', 'aluno043@email.com', '48993000043', 'Contato 043', '48983000043', '2025-08-29 09:00:00', 1),
(44, 'Nicolas Santos Araújo', '20000000044', '1990-10-20', 'M', 'aluno044@email.com', '48993000044', 'Contato 044', '48983000044', '2025-02-10 09:00:00', 1),
(45, 'Isadora Oliveira Cardoso', '20000000045', '2008-06-09', 'F', 'aluno045@email.com', '48993000045', 'Contato 045', '48983000045', '2025-07-29 09:00:00', 1),
(46, 'Lorenzo Ferreira Almeida', '20000000046', '2000-03-22', 'M', 'aluno046@email.com', '48993000046', 'Contato 046', '48983000046', '2025-11-04 09:00:00', 1),
(47, 'Guilherme Martins Oliveira', '20000000047', '1975-08-20', 'M', 'aluno047@email.com', '48993000047', 'Contato 047', '48983000047', '2025-04-13 09:00:00', 1),
(48, 'Theo Gomes Costa', '20000000048', '2007-05-05', 'M', 'aluno048@email.com', '48993000048', 'Contato 048', '48983000048', '2025-12-24 09:00:00', 1),
(49, 'Theo Ferreira Rocha', '20000000049', '1993-03-15', 'M', 'aluno049@email.com', '48993000049', 'Contato 049', '48983000049', '2025-11-06 09:00:00', 1),
(50, 'Isadora Carvalho Silva', '20000000050', '1994-11-04', 'F', 'aluno050@email.com', '48993000050', 'Contato 050', '48983000050', '2025-05-18 09:00:00', 1),
(51, 'Sophia Santos Santos', '20000000051', '1984-05-10', 'F', 'aluno051@email.com', '48993000051', 'Contato 051', '48983000051', '2025-08-04 09:00:00', 1),
(52, 'Pedro Costa Almeida', '20000000052', '2007-08-09', 'M', 'aluno052@email.com', '48993000052', 'Contato 052', '48983000052', '2025-02-22 09:00:00', 1),
(53, 'Davi Cardoso Almeida', '20000000053', '1977-01-11', 'M', 'aluno053@email.com', '48993000053', 'Contato 053', '48983000053', '2025-05-14 09:00:00', 1),
(54, 'Sophia Lima Nunes', '20000000054', '2002-09-01', 'F', 'aluno054@email.com', '48993000054', 'Contato 054', '48983000054', '2025-04-25 09:00:00', 1),
(55, 'Theo Pereira Gomes', '20000000055', '1977-06-19', 'M', 'aluno055@email.com', '48993000055', 'Contato 055', '48983000055', '2025-06-01 09:00:00', 1),
(56, 'Rafael Pereira Souza', '20000000056', '1994-06-26', 'M', 'aluno056@email.com', '48993000056', 'Contato 056', '48983000056', '2025-02-10 09:00:00', 1),
(57, 'Benjamin Costa Ferreira', '20000000057', '1981-06-25', 'M', 'aluno057@email.com', '48993000057', 'Contato 057', '48983000057', '2026-02-21 09:00:00', 1),
(58, 'Isadora Pereira Ferreira', '20000000058', '1985-03-14', 'F', 'aluno058@email.com', '48993000058', 'Contato 058', '48983000058', '2025-01-26 09:00:00', 1),
(59, 'Alice Martins Cardoso', '20000000059', '1990-05-06', 'F', 'aluno059@email.com', '48993000059', 'Contato 059', '48983000059', '2025-04-21 09:00:00', 1),
(60, 'Lucas Souza Mendes', '20000000060', '1989-04-27', 'M', 'aluno060@email.com', '48993000060', 'Contato 060', '48983000060', '2026-04-17 09:00:00', 1),
(61, 'Benjamin Ribeiro Ferreira', '20000000061', '1989-01-22', 'M', 'aluno061@email.com', '48993000061', 'Contato 061', '48983000061', '2025-07-17 09:00:00', 1),
(62, 'Nicolas Martins Almeida', '20000000062', '1979-05-12', 'M', 'aluno062@email.com', '48993000062', 'Contato 062', '48983000062', '2026-02-14 09:00:00', 1),
(63, 'Julia Martins Silva', '20000000063', '1982-05-06', 'F', 'aluno063@email.com', '48993000063', 'Contato 063', '48983000063', '2025-09-29 09:00:00', 1),
(64, 'Gael Santos Vieira', '20000000064', '2002-06-24', 'M', 'aluno064@email.com', '48993000064', 'Contato 064', '48983000064', '2025-11-18 09:00:00', 1),
(65, 'Rafael Vieira Carvalho', '20000000065', '1982-07-19', 'M', 'aluno065@email.com', '48993000065', 'Contato 065', '48983000065', '2025-07-14 09:00:00', 1),
(66, 'Sophia Souza Cardoso', '20000000066', '1975-09-26', 'F', 'aluno066@email.com', '48993000066', 'Contato 066', '48983000066', '2025-07-21 09:00:00', 1),
(67, 'Matheus Cardoso Oliveira', '20000000067', '1996-10-11', 'M', 'aluno067@email.com', '48993000067', 'Contato 067', '48983000067', '2025-05-08 09:00:00', 1),
(68, 'Livia Carvalho Ribeiro', '20000000068', '2001-06-13', 'F', 'aluno068@email.com', '48993000068', 'Contato 068', '48983000068', '2025-10-30 09:00:00', 1),
(69, 'Antonella Pereira Costa', '20000000069', '2001-11-13', 'F', 'aluno069@email.com', '48993000069', 'Contato 069', '48983000069', '2025-06-28 09:00:00', 1),
(70, 'Isadora Araújo Ribeiro', '20000000070', '2000-09-27', 'F', 'aluno070@email.com', '48993000070', 'Contato 070', '48983000070', '2025-01-01 09:00:00', 1),
(71, 'Livia Ribeiro Costa', '20000000071', '2002-10-20', 'F', 'aluno071@email.com', '48993000071', 'Contato 071', '48983000071', '2025-11-26 09:00:00', 1),
(72, 'Guilherme Nunes Nunes', '20000000072', '1988-09-16', 'M', 'aluno072@email.com', '48993000072', 'Contato 072', '48983000072', '2025-06-23 09:00:00', 1),
(73, 'Davi Ribeiro Carvalho', '20000000073', '1996-02-27', 'M', 'aluno073@email.com', '48993000073', 'Contato 073', '48983000073', '2025-08-29 09:00:00', 1),
(74, 'Livia Ferreira Costa', '20000000074', '1984-01-02', 'F', 'aluno074@email.com', '48993000074', 'Contato 074', '48983000074', '2025-09-08 09:00:00', 1),
(75, 'Cecilia Vieira Oliveira', '20000000075', '2004-07-21', 'F', 'aluno075@email.com', '48993000075', 'Contato 075', '48983000075', '2025-07-19 09:00:00', 1),
(76, 'Lucas Mendes Barbosa', '20000000076', '1990-03-21', 'M', 'aluno076@email.com', '48993000076', 'Contato 076', '48983000076', '2025-01-06 09:00:00', 1),
(77, 'Gabriel Cardoso Ferreira', '20000000077', '1986-12-17', 'M', 'aluno077@email.com', '48993000077', 'Contato 077', '48983000077', '2026-04-21 09:00:00', 1),
(78, 'Heitor Gomes Ferreira', '20000000078', '1982-08-05', 'M', 'aluno078@email.com', '48993000078', 'Contato 078', '48983000078', '2026-04-21 09:00:00', 1),
(79, 'Luiza Gomes Vieira', '20000000079', '1995-08-20', 'F', 'aluno079@email.com', '48993000079', 'Contato 079', '48983000079', '2026-06-01 09:00:00', 1),
(80, 'Rafael Gomes Nunes', '20000000080', '1985-12-28', 'M', 'aluno080@email.com', '48993000080', 'Contato 080', '48983000080', '2026-05-02 09:00:00', 1),
(81, 'Henrique Almeida Ferreira', '20000000081', '1992-09-16', 'M', 'aluno081@email.com', '48993000081', 'Contato 081', '48983000081', '2025-09-02 09:00:00', 1),
(82, 'Manuela Nunes Oliveira', '20000000082', '1993-04-09', 'F', 'aluno082@email.com', '48993000082', 'Contato 082', '48983000082', '2025-12-10 09:00:00', 1),
(83, 'Lorenzo Gomes Oliveira', '20000000083', '1983-03-08', 'M', 'aluno083@email.com', '48993000083', 'Contato 083', '48983000083', '2026-01-28 09:00:00', 1),
(84, 'Joao Costa Oliveira', '20000000084', '2001-07-11', 'M', 'aluno084@email.com', '48993000084', 'Contato 084', '48983000084', '2026-04-23 09:00:00', 1),
(85, 'Joaquim Souza Costa', '20000000085', '2001-07-25', 'M', 'aluno085@email.com', '48993000085', 'Contato 085', '48983000085', '2025-01-21 09:00:00', 1),
(86, 'Isis Barbosa Mendes', '20000000086', '1975-06-10', 'F', 'aluno086@email.com', '48993000086', 'Contato 086', '48983000086', '2026-02-04 09:00:00', 1),
(87, 'Joaquim Gomes Gomes', '20000000087', '1989-08-08', 'M', 'aluno087@email.com', '48993000087', 'Contato 087', '48983000087', '2025-10-07 09:00:00', 1),
(88, 'Rafael Mendes Silva', '20000000088', '1999-06-22', 'M', 'aluno088@email.com', '48993000088', 'Contato 088', '48983000088', '2026-02-19 09:00:00', 1),
(89, 'Helena Nunes Pereira', '20000000089', '1976-07-19', 'F', 'aluno089@email.com', '48993000089', 'Contato 089', '48983000089', '2025-01-28 09:00:00', 1),
(90, 'Davi Cardoso Pereira', '20000000090', '2004-03-02', 'M', 'aluno090@email.com', '48993000090', 'Contato 090', '48983000090', '2025-09-24 09:00:00', 1),
(91, 'Lucas Martins Costa', '20000000091', '2004-06-11', 'M', 'aluno091@email.com', '48993000091', 'Contato 091', '48983000091', '2026-01-24 09:00:00', 1),
(92, 'Manuela Cardoso Almeida', '20000000092', '1980-08-01', 'F', 'aluno092@email.com', '48993000092', 'Contato 092', '48983000092', '2025-02-23 09:00:00', 1),
(93, 'Benjamin Ferreira Oliveira', '20000000093', '1977-01-08', 'M', 'aluno093@email.com', '48993000093', 'Contato 093', '48983000093', '2025-07-24 09:00:00', 1),
(94, 'Arthur Vieira Pereira', '20000000094', '1990-03-16', 'M', 'aluno094@email.com', '48993000094', 'Contato 094', '48983000094', '2025-04-28 09:00:00', 1),
(95, 'Isis Costa Nunes', '20000000095', '1991-06-06', 'F', 'aluno095@email.com', '48993000095', 'Contato 095', '48983000095', '2025-04-28 09:00:00', 1),
(96, 'Helena Ribeiro Santos', '20000000096', '1976-05-19', 'F', 'aluno096@email.com', '48993000096', 'Contato 096', '48983000096', '2026-01-20 09:00:00', 1),
(97, 'Nicolas Costa Oliveira', '20000000097', '1990-02-23', 'M', 'aluno097@email.com', '48993000097', 'Contato 097', '48983000097', '2025-11-05 09:00:00', 1),
(98, 'Clara Santos Araújo', '20000000098', '1977-06-18', 'F', 'aluno098@email.com', '48993000098', 'Contato 098', '48983000098', '2026-03-15 09:00:00', 1),
(99, 'Matheus Oliveira Carvalho', '20000000099', '1996-01-28', 'M', 'aluno099@email.com', '48993000099', 'Contato 099', '48983000099', '2026-03-07 09:00:00', 1),
(100, 'Maitê Santos Cardoso', '20000000100', '1998-11-27', 'F', 'aluno100@email.com', '48993000100', 'Contato 100', '48983000100', '2026-04-16 09:00:00', 1),
(101, 'Joao Cardoso Lima', '20000000101', '2008-11-09', 'M', 'aluno101@email.com', '48993000101', 'Contato 101', '48983000101', '2026-05-11 09:00:00', 1),
(102, 'Guilherme Cardoso Araújo', '20000000102', '1992-06-28', 'M', 'aluno102@email.com', '48993000102', 'Contato 102', '48983000102', '2025-09-09 09:00:00', 1),
(103, 'Davi Almeida Nunes', '20000000103', '1990-08-19', 'M', 'aluno103@email.com', '48993000103', 'Contato 103', '48983000103', '2026-01-24 09:00:00', 1),
(104, 'Pedro Silva Mendes', '20000000104', '1995-03-16', 'M', 'aluno104@email.com', '48993000104', 'Contato 104', '48983000104', '2025-08-06 09:00:00', 1),
(105, 'Benjamin Almeida Martins', '20000000105', '1992-10-23', 'M', 'aluno105@email.com', '48993000105', 'Contato 105', '48983000105', '2025-10-10 09:00:00', 1),
(106, 'Antonella Silva Carvalho', '20000000106', '1987-02-08', 'F', 'aluno106@email.com', '48993000106', 'Contato 106', '48983000106', '2026-02-21 09:00:00', 1),
(107, 'Maitê Gomes Ferreira', '20000000107', '2005-11-23', 'F', 'aluno107@email.com', '48993000107', 'Contato 107', '48983000107', '2026-05-18 09:00:00', 1),
(108, 'Henrique Silva Oliveira', '20000000108', '1993-04-13', 'M', 'aluno108@email.com', '48993000108', 'Contato 108', '48983000108', '2025-09-07 09:00:00', 1),
(109, 'Livia Araújo Rocha', '20000000109', '2005-09-17', 'F', 'aluno109@email.com', '48993000109', 'Contato 109', '48983000109', '2025-12-19 09:00:00', 1),
(110, 'Rafael Gomes Martins', '20000000110', '1997-12-15', 'M', 'aluno110@email.com', '48993000110', 'Contato 110', '48983000110', '2025-10-05 09:00:00', 1),
(111, 'Livia Almeida Ferreira', '20000000111', '1982-12-07', 'F', 'aluno111@email.com', '48993000111', 'Contato 111', '48983000111', '2025-11-20 09:00:00', 1),
(112, 'Bernardo Gomes Lima', '20000000112', '1987-04-24', 'M', 'aluno112@email.com', '48993000112', 'Contato 112', '48983000112', '2026-05-11 09:00:00', 1),
(113, 'Manuela Araújo Carvalho', '20000000113', '1993-02-27', 'F', 'aluno113@email.com', '48993000113', 'Contato 113', '48983000113', '2025-07-18 09:00:00', 1),
(114, 'Isabella Ferreira Rocha', '20000000114', '1986-05-01', 'F', 'aluno114@email.com', '48993000114', 'Contato 114', '48983000114', '2025-05-10 09:00:00', 1),
(115, 'Manuela Souza Souza', '20000000115', '1993-12-05', 'F', 'aluno115@email.com', '48993000115', 'Contato 115', '48983000115', '2026-05-18 09:00:00', 1),
(116, 'Gabriel Silva Araújo', '20000000116', '1993-08-16', 'M', 'aluno116@email.com', '48993000116', 'Contato 116', '48983000116', '2026-03-28 09:00:00', 1),
(117, 'Pedro Lima Souza', '20000000117', '1991-08-04', 'M', 'aluno117@email.com', '48993000117', 'Contato 117', '48983000117', '2025-03-08 09:00:00', 1),
(118, 'Nicolas Mendes Oliveira', '20000000118', '1978-03-05', 'M', 'aluno118@email.com', '48993000118', 'Contato 118', '48983000118', '2025-11-08 09:00:00', 1),
(119, 'Davi Ferreira Santos', '20000000119', '2001-10-20', 'M', 'aluno119@email.com', '48993000119', 'Contato 119', '48983000119', '2025-08-20 09:00:00', 1),
(120, 'Luiza Barbosa Nunes', '20000000120', '2003-05-28', 'F', 'aluno120@email.com', '48993000120', 'Contato 120', '48983000120', '2026-03-16 09:00:00', 1),
(121, 'Livia Araújo Vieira', '20000000121', '1978-10-24', 'F', 'aluno121@email.com', '48993000121', 'Contato 121', '48983000121', '2025-04-12 09:00:00', 1),
(122, 'Maria Eduarda Costa Almeida', '20000000122', '1980-03-08', 'F', 'aluno122@email.com', '48993000122', 'Contato 122', '48983000122', '2025-06-27 09:00:00', 1),
(123, 'Antonella Oliveira Lima', '20000000123', '1975-07-15', 'F', 'aluno123@email.com', '48993000123', 'Contato 123', '48983000123', '2026-04-27 09:00:00', 1),
(124, 'Isabella Souza Ferreira', '20000000124', '1993-12-10', 'F', 'aluno124@email.com', '48993000124', 'Contato 124', '48983000124', '2026-04-10 09:00:00', 1),
(125, 'Theo Ferreira Almeida', '20000000125', '1987-07-04', 'M', 'aluno125@email.com', '48993000125', 'Contato 125', '48983000125', '2025-08-19 09:00:00', 1),
(126, 'Joao Almeida Pereira', '20000000126', '1979-01-06', 'M', 'aluno126@email.com', '48993000126', 'Contato 126', '48983000126', '2025-11-11 09:00:00', 1),
(127, 'Clara Araújo Ribeiro', '20000000127', '2003-02-15', 'F', 'aluno127@email.com', '48993000127', 'Contato 127', '48983000127', '2025-11-08 09:00:00', 1),
(128, 'Nicolas Almeida Carvalho', '20000000128', '2006-08-03', 'M', 'aluno128@email.com', '48993000128', 'Contato 128', '48983000128', '2025-02-10 09:00:00', 1),
(129, 'Rafael Martins Vieira', '20000000129', '1991-01-03', 'M', 'aluno129@email.com', '48993000129', 'Contato 129', '48983000129', '2025-08-23 09:00:00', 1),
(130, 'Isis Araújo Silva', '20000000130', '1992-10-02', 'F', 'aluno130@email.com', '48993000130', 'Contato 130', '48983000130', '2025-06-29 09:00:00', 1),
(131, 'Cecilia Carvalho Nunes', '20000000131', '1992-03-19', 'F', 'aluno131@email.com', '48993000131', 'Contato 131', '48983000131', '2026-03-23 09:00:00', 1),
(132, 'Maitê Oliveira Mendes', '20000000132', '1997-07-11', 'F', 'aluno132@email.com', '48993000132', 'Contato 132', '48983000132', '2025-11-25 09:00:00', 1),
(133, 'Gabriel Lima Martins', '20000000133', '2001-12-16', 'M', 'aluno133@email.com', '48993000133', 'Contato 133', '48983000133', '2025-10-23 09:00:00', 0),
(134, 'Nicolas Gomes Souza', '20000000134', '2004-02-11', 'M', 'aluno134@email.com', '48993000134', 'Contato 134', '48983000134', '2025-09-16 09:00:00', 0),
(135, 'Lorenzo Santos Barbosa', '20000000135', '2007-01-22', 'M', 'aluno135@email.com', '48993000135', 'Contato 135', '48983000135', '2026-04-19 09:00:00', 0),
(136, 'Joaquim Souza Costa', '20000000136', '2008-06-20', 'M', 'aluno136@email.com', '48993000136', 'Contato 136', '48983000136', '2026-05-26 09:00:00', 0),
(137, 'Henrique Souza Costa', '20000000137', '1992-09-05', 'M', 'aluno137@email.com', '48993000137', 'Contato 137', '48983000137', '2025-10-22 09:00:00', 0),
(138, 'Henrique Mendes Santos', '20000000138', '1976-11-20', 'M', 'aluno138@email.com', '48993000138', 'Contato 138', '48983000138', '2025-09-03 09:00:00', 0),
(139, 'Helena Ribeiro Gomes', '20000000139', '1975-09-14', 'F', 'aluno139@email.com', '48993000139', 'Contato 139', '48983000139', '2025-04-06 09:00:00', 0),
(140, 'Valentina Santos Nunes', '20000000140', '1982-11-27', 'F', 'aluno140@email.com', '48993000140', 'Contato 140', '48983000140', '2025-06-07 09:00:00', 0),
(141, 'Maitê Ribeiro Carvalho', '20000000141', '1992-07-27', 'F', 'aluno141@email.com', '48993000141', 'Contato 141', '48983000141', '2026-05-10 09:00:00', 0),
(142, 'Cecilia Ferreira Nunes', '20000000142', '1984-07-07', 'F', 'aluno142@email.com', '48993000142', 'Contato 142', '48983000142', '2026-06-05 09:00:00', 0),
(143, 'Samuel Oliveira Almeida', '20000000143', '2001-06-26', 'M', 'aluno143@email.com', '48993000143', 'Contato 143', '48983000143', '2026-06-04 09:00:00', 0),
(144, 'Manuela Silva Ribeiro', '20000000144', '1994-10-19', 'F', 'aluno144@email.com', '48993000144', 'Contato 144', '48983000144', '2026-05-17 09:00:00', 0),
(145, 'Joao Nunes Gomes', '20000000145', '2005-06-11', 'M', 'aluno145@email.com', '48993000145', 'Contato 145', '48983000145', '2026-01-22 09:00:00', 0),
(146, 'Guilherme Martins Costa', '20000000146', '1990-10-13', 'M', 'aluno146@email.com', '48993000146', 'Contato 146', '48983000146', '2025-08-28 09:00:00', 0),
(147, 'Joaquim Souza Martins', '20000000147', '2005-12-26', 'M', 'aluno147@email.com', '48993000147', 'Contato 147', '48983000147', '2026-01-26 09:00:00', 0),
(148, 'Lucas Pereira Mendes', '20000000148', '1977-03-17', 'M', 'aluno148@email.com', '48993000148', 'Contato 148', '48983000148', '2025-12-06 09:00:00', 0),
(149, 'Gabriel Nunes Santos', '20000000149', '2008-08-01', 'M', 'aluno149@email.com', '48993000149', 'Contato 149', '48983000149', '2025-05-28 09:00:00', 0),
(150, 'Joaquim Pereira Oliveira', '20000000150', '2005-05-11', 'M', 'aluno150@email.com', '48993000150', 'Contato 150', '48983000150', '2026-02-12 09:00:00', 0);
SET IDENTITY_INSERT alunos OFF;
GO

/* ASSINATURAS */
SET IDENTITY_INSERT assinaturas ON;
INSERT INTO assinaturas (id, id_aluno, id_plano, id_funcionario_venda, data_inicio, data_fim, status_assinatura, valor_acordado, dia_vencimento, renovacao_automatica, data_cancelamento, id_motivo_cancelamento, id_funcionario_cancelamento, observacoes) VALUES
(1, 1, 3, 12, '2026-03-13', NULL, 'A', 79.90, 20, 1, NULL, NULL, NULL, NULL),
(2, 2, 5, NULL, '2025-11-17', NULL, 'A', 59.90, 5, 0, NULL, NULL, NULL, NULL),
(3, 3, 3, 12, '2025-05-01', NULL, 'A', 79.90, 10, 1, NULL, NULL, NULL, NULL),
(4, 4, 3, 2, '2025-08-11', NULL, 'A', 79.90, 5, 1, NULL, NULL, NULL, NULL),
(5, 5, 2, 12, '2025-12-22', NULL, 'A', 89.90, 5, 1, NULL, NULL, NULL, NULL),
(6, 6, 1, 2, '2026-02-12', NULL, 'A', 99.90, 15, 0, NULL, NULL, NULL, NULL),
(7, 7, 2, 6, '2025-08-09', NULL, 'A', 89.90, 10, 1, NULL, NULL, NULL, NULL),
(8, 8, 2, 6, '2025-10-17', NULL, 'A', 89.90, 10, 1, NULL, NULL, NULL, NULL),
(9, 9, 1, NULL, '2025-11-09', NULL, 'A', 99.90, 10, 0, NULL, NULL, NULL, NULL),
(10, 10, 2, 6, '2025-10-26', NULL, 'A', 89.90, 10, 1, NULL, NULL, NULL, NULL),
(11, 11, 2, NULL, '2025-05-11', NULL, 'A', 89.90, 15, 1, NULL, NULL, NULL, NULL),
(12, 12, 3, NULL, '2026-04-06', NULL, 'A', 79.90, 15, 1, NULL, NULL, NULL, NULL),
(13, 13, 3, 2, '2025-03-22', NULL, 'A', 79.90, 20, 1, NULL, NULL, NULL, NULL),
(14, 14, 4, 12, '2025-10-28', NULL, 'A', 69.90, 20, 1, NULL, NULL, NULL, NULL),
(15, 15, 3, 12, '2025-08-22', NULL, 'A', 79.90, 10, 1, NULL, NULL, NULL, NULL),
(16, 16, 5, NULL, '2026-03-13', NULL, 'A', 59.90, 5, 0, NULL, NULL, NULL, NULL),
(17, 17, 1, 12, '2025-10-20', NULL, 'A', 99.90, 15, 0, NULL, NULL, NULL, NULL),
(18, 18, 5, 2, '2025-06-01', NULL, 'A', 59.90, 20, 0, NULL, NULL, NULL, NULL),
(19, 19, 1, 2, '2025-10-17', NULL, 'A', 99.90, 20, 0, NULL, NULL, NULL, NULL),
(20, 20, 4, 12, '2026-04-08', NULL, 'A', 69.90, 10, 1, NULL, NULL, NULL, NULL),
(21, 21, 3, 6, '2025-06-30', NULL, 'A', 79.90, 10, 1, NULL, NULL, NULL, NULL),
(22, 22, 3, 6, '2025-12-14', NULL, 'A', 79.90, 5, 1, NULL, NULL, NULL, NULL),
(23, 23, 4, 2, '2025-11-27', NULL, 'A', 69.90, 15, 1, NULL, NULL, NULL, NULL),
(24, 24, 3, 12, '2025-01-18', NULL, 'A', 79.90, 10, 1, NULL, NULL, NULL, NULL),
(25, 25, 1, 12, '2025-06-01', NULL, 'A', 99.90, 20, 0, NULL, NULL, NULL, NULL),
(26, 26, 1, 12, '2025-03-09', NULL, 'A', 99.90, 15, 0, NULL, NULL, NULL, NULL),
(27, 27, 4, NULL, '2025-05-12', NULL, 'A', 69.90, 15, 1, NULL, NULL, NULL, NULL),
(28, 28, 3, 2, '2025-06-23', NULL, 'A', 79.90, 20, 1, NULL, NULL, NULL, NULL),
(29, 29, 5, 6, '2025-03-14', NULL, 'A', 59.90, 20, 0, NULL, NULL, NULL, NULL),
(30, 30, 5, 12, '2026-02-16', NULL, 'A', 59.90, 5, 0, NULL, NULL, NULL, NULL),
(31, 31, 3, 12, '2025-01-08', NULL, 'A', 79.90, 5, 1, NULL, NULL, NULL, NULL),
(32, 32, 2, 12, '2025-12-11', NULL, 'A', 89.90, 20, 1, NULL, NULL, NULL, NULL),
(33, 33, 4, 12, '2026-04-27', NULL, 'A', 69.90, 5, 1, NULL, NULL, NULL, NULL),
(34, 34, 3, 2, '2025-08-30', NULL, 'A', 79.90, 15, 1, NULL, NULL, NULL, NULL),
(35, 35, 4, 2, '2025-04-24', NULL, 'A', 69.90, 20, 1, NULL, NULL, NULL, NULL),
(36, 36, 4, NULL, '2025-06-04', NULL, 'A', 69.90, 5, 1, NULL, NULL, NULL, NULL),
(37, 37, 1, 2, '2026-04-30', NULL, 'A', 99.90, 15, 0, NULL, NULL, NULL, NULL),
(38, 38, 5, 2, '2025-03-01', NULL, 'A', 59.90, 10, 0, NULL, NULL, NULL, NULL),
(39, 39, 4, NULL, '2025-03-11', NULL, 'A', 69.90, 20, 1, NULL, NULL, NULL, NULL),
(40, 40, 2, NULL, '2026-05-02', NULL, 'A', 89.90, 10, 1, NULL, NULL, NULL, NULL),
(41, 41, 4, 2, '2025-12-02', NULL, 'A', 69.90, 20, 1, NULL, NULL, NULL, NULL),
(42, 42, 3, 12, '2026-04-26', NULL, 'A', 79.90, 5, 1, NULL, NULL, NULL, NULL),
(43, 43, 3, NULL, '2025-04-22', NULL, 'A', 79.90, 20, 1, NULL, NULL, NULL, NULL),
(44, 44, 5, 12, '2026-03-14', NULL, 'A', 59.90, 5, 0, NULL, NULL, NULL, NULL),
(45, 45, 5, 12, '2025-07-08', NULL, 'A', 59.90, 5, 0, NULL, NULL, NULL, NULL),
(46, 46, 2, 2, '2025-04-08', NULL, 'A', 89.90, 20, 1, NULL, NULL, NULL, NULL),
(47, 47, 1, 2, '2025-04-19', NULL, 'A', 99.90, 5, 0, NULL, NULL, NULL, NULL),
(48, 48, 3, 6, '2025-05-05', NULL, 'A', 79.90, 10, 1, NULL, NULL, NULL, NULL),
(49, 49, 1, 6, '2026-01-27', NULL, 'A', 99.90, 10, 0, NULL, NULL, NULL, NULL),
(50, 50, 4, 12, '2025-04-30', NULL, 'A', 69.90, 10, 1, NULL, NULL, NULL, NULL),
(51, 51, 3, 2, '2025-11-02', NULL, 'A', 79.90, 15, 1, NULL, NULL, NULL, NULL),
(52, 52, 4, 6, '2025-03-16', NULL, 'A', 69.90, 15, 1, NULL, NULL, NULL, NULL),
(53, 53, 3, 2, '2025-02-26', NULL, 'A', 79.90, 10, 1, NULL, NULL, NULL, NULL),
(54, 54, 1, 6, '2026-02-09', NULL, 'A', 99.90, 15, 0, NULL, NULL, NULL, NULL),
(55, 55, 1, 2, '2025-05-16', NULL, 'A', 99.90, 10, 0, NULL, NULL, NULL, NULL),
(56, 56, 3, 2, '2025-09-27', NULL, 'A', 79.90, 5, 1, NULL, NULL, NULL, NULL),
(57, 57, 2, 12, '2026-02-03', NULL, 'A', 89.90, 5, 1, NULL, NULL, NULL, NULL),
(58, 58, 2, 2, '2025-04-24', NULL, 'A', 89.90, 15, 1, NULL, NULL, NULL, NULL),
(59, 59, 2, 2, '2026-05-09', NULL, 'A', 89.90, 5, 1, NULL, NULL, NULL, NULL),
(60, 60, 5, NULL, '2026-03-10', NULL, 'A', 59.90, 20, 0, NULL, NULL, NULL, NULL),
(61, 61, 3, NULL, '2025-09-09', NULL, 'A', 79.90, 5, 1, NULL, NULL, NULL, NULL),
(62, 62, 4, 6, '2025-06-14', NULL, 'A', 69.90, 5, 1, NULL, NULL, NULL, NULL),
(63, 63, 1, 12, '2025-11-16', NULL, 'A', 99.90, 20, 0, NULL, NULL, NULL, NULL),
(64, 64, 5, 12, '2025-09-29', NULL, 'A', 59.90, 20, 0, NULL, NULL, NULL, NULL),
(65, 65, 2, 2, '2025-08-09', NULL, 'A', 89.90, 5, 1, NULL, NULL, NULL, NULL),
(66, 66, 4, 6, '2025-11-30', NULL, 'A', 69.90, 20, 1, NULL, NULL, NULL, NULL),
(67, 67, 2, NULL, '2025-04-27', NULL, 'A', 89.90, 15, 1, NULL, NULL, NULL, NULL),
(68, 68, 4, NULL, '2025-07-24', NULL, 'A', 69.90, 5, 1, NULL, NULL, NULL, NULL),
(69, 69, 1, 12, '2025-06-10', NULL, 'A', 99.90, 15, 0, NULL, NULL, NULL, NULL),
(70, 70, 5, NULL, '2025-12-18', NULL, 'A', 59.90, 5, 0, NULL, NULL, NULL, NULL),
(71, 71, 1, 2, '2025-02-13', NULL, 'A', 99.90, 20, 0, NULL, NULL, NULL, NULL),
(72, 72, 1, 12, '2026-01-14', NULL, 'A', 99.90, 10, 0, NULL, NULL, NULL, NULL),
(73, 73, 2, 12, '2025-10-28', NULL, 'A', 89.90, 5, 1, NULL, NULL, NULL, NULL),
(74, 74, 2, NULL, '2026-03-24', NULL, 'A', 89.90, 5, 1, NULL, NULL, NULL, NULL),
(75, 75, 5, 12, '2025-11-04', NULL, 'A', 59.90, 15, 0, NULL, NULL, NULL, NULL),
(76, 76, 1, 6, '2025-09-17', NULL, 'A', 99.90, 10, 0, NULL, NULL, NULL, NULL),
(77, 77, 3, 2, '2025-04-25', NULL, 'A', 79.90, 15, 1, NULL, NULL, NULL, NULL),
(78, 78, 4, 2, '2025-07-08', NULL, 'A', 69.90, 15, 1, NULL, NULL, NULL, NULL),
(79, 79, 2, NULL, '2026-02-18', NULL, 'A', 89.90, 5, 1, NULL, NULL, NULL, NULL),
(80, 80, 3, 12, '2025-12-03', NULL, 'A', 79.90, 5, 1, NULL, NULL, NULL, NULL),
(81, 81, 1, 12, '2025-12-26', NULL, 'A', 99.90, 15, 0, NULL, NULL, NULL, NULL),
(82, 82, 2, 6, '2025-04-03', NULL, 'A', 89.90, 20, 1, NULL, NULL, NULL, NULL),
(83, 83, 1, 2, '2026-01-15', NULL, 'A', 99.90, 5, 0, NULL, NULL, NULL, NULL),
(84, 84, 3, NULL, '2025-04-21', NULL, 'A', 79.90, 20, 1, NULL, NULL, NULL, NULL),
(85, 85, 2, 12, '2025-03-22', NULL, 'A', 89.90, 15, 1, NULL, NULL, NULL, NULL),
(86, 86, 3, 2, '2026-02-02', NULL, 'A', 79.90, 5, 1, NULL, NULL, NULL, NULL),
(87, 87, 1, 2, '2026-01-22', NULL, 'A', 99.90, 5, 0, NULL, NULL, NULL, NULL),
(88, 88, 1, NULL, '2025-12-05', NULL, 'A', 99.90, 20, 0, NULL, NULL, NULL, NULL),
(89, 89, 3, 12, '2025-08-01', NULL, 'A', 79.90, 10, 1, NULL, NULL, NULL, NULL),
(90, 90, 3, 12, '2025-02-28', NULL, 'A', 79.90, 20, 1, NULL, NULL, NULL, NULL),
(91, 91, 1, NULL, '2025-12-14', NULL, 'A', 99.90, 15, 0, NULL, NULL, NULL, NULL),
(92, 92, 1, 2, '2025-07-22', NULL, 'A', 99.90, 5, 0, NULL, NULL, NULL, NULL),
(93, 93, 1, 6, '2026-04-30', NULL, 'A', 99.90, 10, 0, NULL, NULL, NULL, NULL),
(94, 94, 3, 12, '2025-05-29', NULL, 'A', 79.90, 5, 1, NULL, NULL, NULL, NULL),
(95, 95, 1, NULL, '2026-01-18', NULL, 'A', 99.90, 10, 0, NULL, NULL, NULL, NULL),
(96, 96, 1, 6, '2025-09-30', NULL, 'A', 99.90, 15, 0, NULL, NULL, NULL, NULL),
(97, 97, 1, 2, '2026-03-18', NULL, 'A', 99.90, 20, 0, NULL, NULL, NULL, NULL),
(98, 98, 1, 2, '2026-04-17', NULL, 'A', 99.90, 15, 0, NULL, NULL, NULL, NULL),
(99, 99, 2, NULL, '2025-10-21', NULL, 'A', 89.90, 20, 1, NULL, NULL, NULL, NULL),
(100, 100, 1, 2, '2025-07-27', NULL, 'A', 99.90, 15, 0, NULL, NULL, NULL, NULL),
(101, 101, 1, NULL, '2026-05-01', NULL, 'A', 99.90, 15, 0, NULL, NULL, NULL, NULL),
(102, 102, 1, 2, '2026-03-09', NULL, 'A', 99.90, 10, 0, NULL, NULL, NULL, NULL),
(103, 103, 2, 2, '2025-07-25', NULL, 'A', 89.90, 20, 1, NULL, NULL, NULL, NULL),
(104, 104, 4, 12, '2026-01-17', NULL, 'A', 69.90, 10, 1, NULL, NULL, NULL, NULL),
(105, 105, 1, 2, '2025-03-28', NULL, 'A', 99.90, 5, 0, NULL, NULL, NULL, NULL),
(106, 106, 2, 12, '2025-04-10', NULL, 'A', 89.90, 15, 1, NULL, NULL, NULL, NULL),
(107, 107, 3, 6, '2026-02-24', NULL, 'A', 79.90, 10, 1, NULL, NULL, NULL, NULL),
(108, 108, 1, 6, '2025-05-12', NULL, 'A', 99.90, 10, 0, NULL, NULL, NULL, NULL),
(109, 109, 3, 2, '2026-01-25', NULL, 'A', 79.90, 10, 1, NULL, NULL, NULL, NULL),
(110, 110, 5, NULL, '2025-11-18', NULL, 'A', 59.90, 20, 0, NULL, NULL, NULL, NULL),
(111, 111, 3, NULL, '2026-01-25', NULL, 'A', 79.90, 15, 1, NULL, NULL, NULL, NULL),
(112, 112, 4, 12, '2025-11-18', NULL, 'A', 69.90, 10, 1, NULL, NULL, NULL, NULL),
(113, 113, 2, NULL, '2025-08-29', NULL, 'A', 89.90, 15, 1, NULL, NULL, NULL, NULL),
(114, 114, 3, 2, '2025-10-30', NULL, 'A', 79.90, 15, 1, NULL, NULL, NULL, NULL),
(115, 115, 2, NULL, '2025-06-08', NULL, 'A', 89.90, 20, 1, NULL, NULL, NULL, NULL),
(116, 116, 1, 12, '2025-07-08', NULL, 'A', 99.90, 5, 0, NULL, NULL, NULL, NULL),
(117, 117, 3, 2, '2026-05-16', NULL, 'A', 79.90, 20, 1, NULL, NULL, NULL, NULL),
(118, 118, 2, 2, '2025-10-11', NULL, 'A', 89.90, 20, 1, NULL, NULL, NULL, NULL),
(119, 119, 4, 6, '2025-10-20', NULL, 'A', 69.90, 15, 1, NULL, NULL, NULL, NULL),
(120, 120, 3, 6, '2025-09-14', NULL, 'A', 79.90, 5, 1, NULL, NULL, NULL, NULL),
(121, 121, 2, 12, '2026-02-20', NULL, 'A', 89.90, 5, 1, NULL, NULL, NULL, NULL),
(122, 122, 2, 2, '2025-03-30', NULL, 'A', 89.90, 10, 1, NULL, NULL, NULL, NULL),
(123, 123, 3, 6, '2025-08-13', NULL, 'A', 79.90, 15, 1, NULL, NULL, NULL, NULL),
(124, 124, 2, NULL, '2025-05-25', NULL, 'A', 89.90, 20, 1, NULL, NULL, NULL, NULL),
(125, 125, 3, 2, '2025-12-14', NULL, 'A', 79.90, 15, 1, NULL, NULL, NULL, NULL),
(126, 126, 1, NULL, '2025-02-18', NULL, 'A', 99.90, 15, 0, NULL, NULL, NULL, NULL),
(127, 127, 1, 6, '2026-03-13', NULL, 'A', 99.90, 15, 0, NULL, NULL, NULL, NULL),
(128, 128, 1, 6, '2025-12-06', NULL, 'A', 99.90, 15, 0, NULL, NULL, NULL, NULL),
(129, 129, 1, NULL, '2025-12-02', NULL, 'A', 99.90, 10, 0, NULL, NULL, NULL, NULL),
(130, 130, 2, 2, '2026-04-26', NULL, 'A', 89.90, 15, 1, NULL, NULL, NULL, NULL),
(131, 131, 2, 12, '2025-11-26', NULL, 'A', 89.90, 10, 1, NULL, NULL, NULL, NULL),
(132, 132, 3, 2, '2026-03-01', NULL, 'A', 79.90, 20, 1, NULL, NULL, NULL, NULL),
(133, 133, 2, 6, '2025-01-10', '2025-03-22', 'I', 89.90, 15, 1, '2025-03-22', 3, 2, 'Cancelamento registrado pela recepcao'),
(134, 134, 4, 6, '2025-09-06', '2025-11-19', 'I', 69.90, 5, 1, '2025-11-19', 2, 2, 'Cancelamento registrado pela recepcao'),
(135, 135, 1, 2, '2026-02-08', '2026-03-11', 'I', 99.90, 15, 0, '2026-03-11', 5, 12, 'Cancelamento registrado pela recepcao'),
(136, 136, 4, 6, '2025-11-13', '2026-01-10', 'I', 69.90, 10, 1, '2026-01-10', 5, 9, 'Cancelamento registrado pela recepcao'),
(137, 137, 1, 2, '2025-12-21', '2026-02-23', 'I', 99.90, 20, 0, '2026-02-23', 2, 9, 'Cancelamento registrado pela recepcao'),
(138, 138, 2, 12, '2026-01-04', '2026-02-28', 'I', 89.90, 20, 1, '2026-02-28', 4, 12, 'Cancelamento registrado pela recepcao'),
(139, 139, 1, 12, '2025-05-03', '2025-06-16', 'I', 99.90, 20, 0, '2025-06-16', 4, 2, 'Cancelamento registrado pela recepcao'),
(140, 140, 2, NULL, '2025-05-25', '2025-09-26', 'I', 89.90, 10, 1, '2025-09-26', 4, 12, 'Cancelamento registrado pela recepcao'),
(141, 141, 4, 2, '2026-02-15', '2026-08-13', 'I', 69.90, 20, 1, '2026-08-13', 2, 6, 'Cancelamento registrado pela recepcao'),
(142, 142, 4, 2, '2025-10-11', '2025-12-01', 'I', 69.90, 15, 1, '2025-12-01', 6, 12, 'Cancelamento registrado pela recepcao'),
(143, 143, 1, 6, '2025-03-24', '2025-05-05', 'I', 99.90, 20, 0, '2025-05-05', 4, 12, 'Cancelamento registrado pela recepcao'),
(144, 144, 1, 2, '2026-04-12', '2026-05-21', 'I', 99.90, 20, 0, '2026-05-21', 4, 6, 'Cancelamento registrado pela recepcao'),
(145, 145, 1, 2, '2025-09-15', '2025-11-02', 'I', 99.90, 15, 0, '2025-11-02', 2, 9, 'Cancelamento registrado pela recepcao'),
(146, 146, 1, 6, '2025-06-13', '2025-07-14', 'I', 99.90, 10, 0, '2025-07-14', 6, 6, 'Cancelamento registrado pela recepcao'),
(147, 147, 1, NULL, '2026-04-15', '2026-06-09', 'I', 99.90, 20, 0, '2026-06-09', 6, 2, 'Cancelamento registrado pela recepcao'),
(148, 148, 3, 6, '2026-04-09', '2026-05-24', 'I', 79.90, 10, 1, '2026-05-24', 1, 6, 'Cancelamento registrado pela recepcao'),
(149, 149, 2, 2, '2026-01-08', '2026-04-20', 'I', 89.90, 15, 1, '2026-04-20', 5, 9, 'Cancelamento registrado pela recepcao'),
(150, 150, 1, NULL, '2025-03-04', '2025-04-01', 'I', 99.90, 5, 0, '2025-04-01', 2, 9, 'Cancelamento registrado pela recepcao');
SET IDENTITY_INSERT assinaturas OFF;
GO

/* FATURAS_PAGAMENTO */
SET IDENTITY_INSERT faturas_pagamento ON;
INSERT INTO faturas_pagamento (id, id_assinatura, data_vencimento, valor_fatura, valor_pago, data_pagamento, id_metodo_pagamento, status_pagamento, mes_referencia, ano_referencia, multa_aplicada) VALUES
(1, 1, '2026-03-20', 79.90, 81.50, '2026-03-22 17:00:00', 3, 'C', 3, 2026, 1.60),
(2, 1, '2026-04-20', 79.90, 79.90, '2026-04-20 12:45:00', 1, 'C', 4, 2026, 0),
(3, 1, '2026-05-20', 79.90, 79.90, '2026-05-20 10:00:00', 3, 'C', 5, 2026, 0),
(4, 1, '2026-06-20', 79.90, 81.50, '2026-06-25 16:00:00', 2, 'C', 6, 2026, 1.60),
(5, 2, '2026-03-05', 59.90, 59.90, '2026-03-05 13:30:00', 3, 'C', 3, 2026, 0),
(6, 2, '2026-04-05', 59.90, 59.90, '2026-04-05 11:00:00', 3, 'C', 4, 2026, 0),
(7, 2, '2026-05-05', 59.90, 59.90, '2026-05-05 08:30:00', 3, 'C', 5, 2026, 0),
(8, 2, '2026-06-05', 59.90, 59.90, '2026-06-05 20:45:00', 5, 'C', 6, 2026, 0),
(9, 3, '2026-03-10', 79.90, 79.90, '2026-03-10 10:00:00', 3, 'C', 3, 2026, 0),
(10, 3, '2026-04-10', 79.90, 79.90, '2026-04-10 11:00:00', 3, 'C', 4, 2026, 0),
(11, 3, '2026-05-10', 79.90, 79.90, '2026-05-10 12:45:00', 5, 'C', 5, 2026, 0),
(12, 3, '2026-06-10', 79.90, 79.90, '2026-06-10 20:15:00', 1, 'C', 6, 2026, 0),
(13, 4, '2026-03-05', 79.90, 79.90, '2026-03-05 18:30:00', 1, 'C', 3, 2026, 0),
(14, 4, '2026-04-05', 79.90, 79.90, '2026-04-05 14:45:00', 4, 'C', 4, 2026, 0),
(15, 4, '2026-05-05', 79.90, 81.50, '2026-05-13 15:45:00', 2, 'C', 5, 2026, 1.60),
(16, 4, '2026-06-05', 79.90, 79.90, '2026-06-05 09:45:00', 1, 'C', 6, 2026, 0),
(17, 5, '2026-03-05', 89.90, 91.70, '2026-03-06 16:30:00', 2, 'C', 3, 2026, 1.80),
(18, 5, '2026-04-05', 89.90, 89.90, '2026-04-05 12:45:00', 3, 'C', 4, 2026, 0),
(19, 5, '2026-05-05', 89.90, 89.90, '2026-05-05 13:45:00', 1, 'C', 5, 2026, 0),
(20, 5, '2026-06-05', 89.90, 89.90, '2026-06-05 14:30:00', 3, 'C', 6, 2026, 0),
(21, 6, '2026-03-15', 99.90, 99.90, '2026-03-15 18:45:00', 2, 'C', 3, 2026, 0),
(22, 6, '2026-04-15', 99.90, 99.90, '2026-04-15 08:15:00', 4, 'C', 4, 2026, 0),
(23, 6, '2026-05-15', 99.90, 99.90, '2026-05-15 10:00:00', 1, 'C', 5, 2026, 0),
(24, 6, '2026-06-15', 99.90, 99.90, '2026-06-15 17:00:00', 3, 'C', 6, 2026, 0),
(25, 7, '2026-03-10', 89.90, 91.70, '2026-03-15 13:45:00', 3, 'C', 3, 2026, 1.80),
(26, 7, '2026-04-10', 89.90, 89.90, '2026-04-10 14:30:00', 3, 'C', 4, 2026, 0),
(27, 7, '2026-05-10', 89.90, 89.90, '2026-05-10 19:15:00', 3, 'C', 5, 2026, 0),
(28, 7, '2026-06-10', 89.90, 89.90, '2026-06-10 12:30:00', 3, 'C', 6, 2026, 0),
(29, 8, '2026-03-10', 89.90, 89.90, '2026-03-10 19:45:00', 1, 'C', 3, 2026, 0),
(30, 8, '2026-04-10', 89.90, 89.90, '2026-04-10 10:45:00', 5, 'C', 4, 2026, 0),
(31, 8, '2026-05-10', 89.90, 91.70, '2026-05-15 13:30:00', 3, 'C', 5, 2026, 1.80),
(32, 8, '2026-06-10', 89.90, 89.90, '2026-06-10 12:15:00', 3, 'C', 6, 2026, 0),
(33, 9, '2026-03-10', 99.90, 99.90, '2026-03-10 20:30:00', 3, 'C', 3, 2026, 0),
(34, 9, '2026-04-10', 99.90, 99.90, '2026-04-10 10:15:00', 3, 'C', 4, 2026, 0),
(35, 9, '2026-05-10', 99.90, NULL, NULL, NULL, 'P', 5, 2026, 0.00),
(36, 9, '2026-06-10', 99.90, 99.90, '2026-06-10 20:15:00', 3, 'C', 6, 2026, 0),
(37, 10, '2026-03-10', 89.90, 89.90, '2026-03-10 19:45:00', 3, 'C', 3, 2026, 0),
(38, 10, '2026-04-10', 89.90, 91.70, '2026-04-11 09:15:00', 5, 'C', 4, 2026, 1.80),
(39, 10, '2026-05-10', 89.90, 89.90, '2026-05-10 18:30:00', 1, 'C', 5, 2026, 0),
(40, 10, '2026-06-10', 89.90, 89.90, '2026-06-10 17:15:00', 3, 'C', 6, 2026, 0),
(41, 11, '2026-03-15', 89.90, 89.90, '2026-03-15 21:00:00', 4, 'C', 3, 2026, 0),
(42, 11, '2026-04-15', 89.90, 89.90, '2026-04-15 10:30:00', 4, 'C', 4, 2026, 0),
(43, 11, '2026-05-15', 89.90, 91.70, '2026-05-20 16:30:00', 4, 'C', 5, 2026, 1.80),
(44, 11, '2026-06-15', 89.90, 89.90, '2026-06-15 16:30:00', 1, 'C', 6, 2026, 0),
(45, 12, '2026-03-15', 79.90, 79.90, '2026-03-15 16:15:00', 3, 'C', 3, 2026, 0),
(46, 12, '2026-04-15', 79.90, 79.90, '2026-04-15 17:30:00', 4, 'C', 4, 2026, 0),
(47, 12, '2026-05-15', 79.90, 81.50, '2026-05-16 08:00:00', 1, 'C', 5, 2026, 1.60),
(48, 12, '2026-06-15', 79.90, 79.90, '2026-06-15 18:15:00', 3, 'C', 6, 2026, 0),
(49, 13, '2026-03-20', 79.90, 79.90, '2026-03-20 15:30:00', 3, 'C', 3, 2026, 0),
(50, 13, '2026-04-20', 79.90, 79.90, '2026-04-20 20:45:00', 1, 'C', 4, 2026, 0),
(51, 13, '2026-05-20', 79.90, NULL, NULL, NULL, 'P', 5, 2026, 0.00),
(52, 13, '2026-06-20', 79.90, NULL, NULL, NULL, 'P', 6, 2026, 0.00),
(53, 14, '2026-03-20', 69.90, 69.90, '2026-03-20 11:30:00', 3, 'C', 3, 2026, 0),
(54, 14, '2026-04-20', 69.90, 69.90, '2026-04-20 19:30:00', 5, 'C', 4, 2026, 0),
(55, 14, '2026-05-20', 69.90, NULL, NULL, NULL, 'P', 5, 2026, 0.00),
(56, 14, '2026-06-20', 69.90, 69.90, '2026-06-20 13:15:00', 3, 'C', 6, 2026, 0),
(57, 15, '2026-03-10', 79.90, 79.90, '2026-03-10 09:00:00', 1, 'C', 3, 2026, 0),
(58, 15, '2026-04-10', 79.90, 79.90, '2026-04-10 11:15:00', 4, 'C', 4, 2026, 0),
(59, 15, '2026-05-10', 79.90, 79.90, '2026-05-10 11:15:00', 3, 'C', 5, 2026, 0),
(60, 15, '2026-06-10', 79.90, 79.90, '2026-06-10 12:45:00', 1, 'C', 6, 2026, 0),
(61, 16, '2026-03-05', 59.90, 59.90, '2026-03-05 11:15:00', 3, 'C', 3, 2026, 0),
(62, 16, '2026-04-05', 59.90, 59.90, '2026-04-05 17:45:00', 1, 'C', 4, 2026, 0),
(63, 16, '2026-05-05', 59.90, NULL, NULL, NULL, 'P', 5, 2026, 0.00),
(64, 16, '2026-06-05', 59.90, NULL, NULL, NULL, 'P', 6, 2026, 0.00),
(65, 17, '2026-03-15', 99.90, 99.90, '2026-03-15 13:45:00', 2, 'C', 3, 2026, 0),
(66, 17, '2026-04-15', 99.90, 99.90, '2026-04-15 11:30:00', 3, 'C', 4, 2026, 0),
(67, 17, '2026-05-15', 99.90, NULL, NULL, NULL, 'P', 5, 2026, 0.00),
(68, 17, '2026-06-15', 99.90, 99.90, '2026-06-15 12:00:00', 1, 'C', 6, 2026, 0),
(69, 18, '2026-03-20', 59.90, 59.90, '2026-03-20 13:30:00', 3, 'C', 3, 2026, 0),
(70, 18, '2026-04-20', 59.90, 59.90, '2026-04-20 16:00:00', 1, 'C', 4, 2026, 0),
(71, 18, '2026-05-20', 59.90, NULL, NULL, NULL, 'P', 5, 2026, 0.00),
(72, 18, '2026-06-20', 59.90, 59.90, '2026-06-20 15:15:00', 3, 'C', 6, 2026, 0),
(73, 19, '2026-03-20', 99.90, 99.90, '2026-03-20 17:30:00', 1, 'C', 3, 2026, 0),
(74, 19, '2026-04-20', 99.90, 99.90, '2026-04-20 12:30:00', 3, 'C', 4, 2026, 0),
(75, 19, '2026-05-20', 99.90, 99.90, '2026-05-20 17:30:00', 3, 'C', 5, 2026, 0),
(76, 19, '2026-06-20', 99.90, NULL, NULL, NULL, 'P', 6, 2026, 0.00),
(77, 20, '2026-03-10', 69.90, 69.90, '2026-03-10 14:30:00', 3, 'C', 3, 2026, 0),
(78, 20, '2026-04-10', 69.90, 69.90, '2026-04-10 08:45:00', 1, 'C', 4, 2026, 0),
(79, 20, '2026-05-10', 69.90, 71.30, '2026-05-18 17:15:00', 3, 'C', 5, 2026, 1.40),
(80, 20, '2026-06-10', 69.90, 69.90, '2026-06-10 18:45:00', 1, 'C', 6, 2026, 0),
(81, 21, '2026-03-10', 79.90, 79.90, '2026-03-10 19:00:00', 1, 'C', 3, 2026, 0),
(82, 21, '2026-04-10', 79.90, 79.90, '2026-04-10 14:15:00', 2, 'C', 4, 2026, 0),
(83, 21, '2026-05-10', 79.90, 81.50, '2026-05-12 21:00:00', 3, 'C', 5, 2026, 1.60),
(84, 21, '2026-06-10', 79.90, 79.90, '2026-06-10 18:45:00', 3, 'C', 6, 2026, 0),
(85, 22, '2026-03-05', 79.90, 79.90, '2026-03-05 16:30:00', 3, 'C', 3, 2026, 0),
(86, 22, '2026-04-05', 79.90, 81.50, '2026-04-06 18:30:00', 3, 'C', 4, 2026, 1.60),
(87, 22, '2026-05-05', 79.90, 79.90, '2026-05-05 16:30:00', 1, 'C', 5, 2026, 0),
(88, 22, '2026-06-05', 79.90, 79.90, '2026-06-05 12:15:00', 3, 'C', 6, 2026, 0),
(89, 23, '2026-03-15', 69.90, 69.90, '2026-03-15 16:30:00', 1, 'C', 3, 2026, 0),
(90, 23, '2026-04-15', 69.90, 69.90, '2026-04-15 14:30:00', 5, 'C', 4, 2026, 0),
(91, 23, '2026-05-15', 69.90, 69.90, '2026-05-15 12:00:00', 2, 'C', 5, 2026, 0),
(92, 23, '2026-06-15', 69.90, 69.90, '2026-06-15 15:15:00', 1, 'C', 6, 2026, 0),
(93, 24, '2026-03-10', 79.90, 81.50, '2026-03-15 19:30:00', 1, 'C', 3, 2026, 1.60),
(94, 24, '2026-04-10', 79.90, 79.90, '2026-04-10 11:00:00', 3, 'C', 4, 2026, 0),
(95, 24, '2026-05-10', 79.90, 79.90, '2026-05-10 08:00:00', 2, 'C', 5, 2026, 0),
(96, 24, '2026-06-10', 79.90, 79.90, '2026-06-10 20:15:00', 1, 'C', 6, 2026, 0),
(97, 25, '2026-03-20', 99.90, 101.90, '2026-03-22 14:45:00', 3, 'C', 3, 2026, 2.00),
(98, 25, '2026-04-20', 99.90, 101.90, '2026-04-25 13:30:00', 3, 'C', 4, 2026, 2.00),
(99, 25, '2026-05-20', 99.90, 99.90, '2026-05-20 17:15:00', 3, 'C', 5, 2026, 0),
(100, 25, '2026-06-20', 99.90, 101.90, '2026-06-25 10:45:00', 4, 'C', 6, 2026, 2.00),
(101, 26, '2026-03-15', 99.90, 101.90, '2026-03-17 21:45:00', 3, 'C', 3, 2026, 2.00),
(102, 26, '2026-04-15', 99.90, 99.90, '2026-04-15 21:30:00', 4, 'C', 4, 2026, 0),
(103, 26, '2026-05-15', 99.90, NULL, NULL, NULL, 'P', 5, 2026, 0.00),
(104, 26, '2026-06-15', 99.90, 99.90, '2026-06-15 13:30:00', 3, 'C', 6, 2026, 0),
(105, 27, '2026-03-15', 69.90, 69.90, '2026-03-15 10:45:00', 1, 'C', 3, 2026, 0),
(106, 27, '2026-04-15', 69.90, 69.90, '2026-04-15 19:45:00', 3, 'C', 4, 2026, 0),
(107, 27, '2026-05-15', 69.90, 69.90, '2026-05-15 13:30:00', 3, 'C', 5, 2026, 0),
(108, 27, '2026-06-15', 69.90, 69.90, '2026-06-15 21:45:00', 4, 'C', 6, 2026, 0),
(109, 28, '2026-03-20', 79.90, 79.90, '2026-03-20 18:00:00', 1, 'C', 3, 2026, 0),
(110, 28, '2026-04-20', 79.90, 79.90, '2026-04-20 11:00:00', 1, 'C', 4, 2026, 0),
(111, 28, '2026-05-20', 79.90, 79.90, '2026-05-20 13:30:00', 3, 'C', 5, 2026, 0),
(112, 28, '2026-06-20', 79.90, 79.90, '2026-06-20 13:15:00', 1, 'C', 6, 2026, 0),
(113, 29, '2026-03-20', 59.90, 59.90, '2026-03-20 14:30:00', 3, 'C', 3, 2026, 0),
(114, 29, '2026-04-20', 59.90, 61.10, '2026-04-25 13:15:00', 1, 'C', 4, 2026, 1.20),
(115, 29, '2026-05-20', 59.90, NULL, NULL, NULL, 'P', 5, 2026, 0.00),
(116, 29, '2026-06-20', 59.90, NULL, NULL, NULL, 'P', 6, 2026, 0.00),
(117, 30, '2026-03-05', 59.90, 59.90, '2026-03-05 14:45:00', 3, 'C', 3, 2026, 0),
(118, 30, '2026-04-05', 59.90, 61.10, '2026-04-06 20:15:00', 3, 'C', 4, 2026, 1.20),
(119, 30, '2026-05-05', 59.90, 59.90, '2026-05-05 16:45:00', 3, 'C', 5, 2026, 0),
(120, 30, '2026-06-05', 59.90, 61.10, '2026-06-07 09:00:00', 4, 'C', 6, 2026, 1.20),
(121, 31, '2026-03-05', 79.90, 79.90, '2026-03-05 16:15:00', 1, 'C', 3, 2026, 0),
(122, 31, '2026-04-05', 79.90, 79.90, '2026-04-05 18:15:00', 3, 'C', 4, 2026, 0),
(123, 31, '2026-05-05', 79.90, 81.50, '2026-05-07 15:00:00', 3, 'C', 5, 2026, 1.60),
(124, 31, '2026-06-05', 79.90, 79.90, '2026-06-05 08:45:00', 3, 'C', 6, 2026, 0),
(125, 32, '2026-03-20', 89.90, 89.90, '2026-03-20 12:00:00', 3, 'C', 3, 2026, 0),
(126, 32, '2026-04-20', 89.90, 89.90, '2026-04-20 13:00:00', 3, 'C', 4, 2026, 0),
(127, 32, '2026-05-20', 89.90, NULL, NULL, NULL, 'P', 5, 2026, 0.00),
(128, 32, '2026-06-20', 89.90, 91.70, '2026-06-28 15:00:00', 1, 'C', 6, 2026, 1.80),
(129, 33, '2026-03-05', 69.90, 69.90, '2026-03-05 18:45:00', 2, 'C', 3, 2026, 0),
(130, 33, '2026-04-05', 69.90, 69.90, '2026-04-05 14:45:00', 1, 'C', 4, 2026, 0),
(131, 33, '2026-05-05', 69.90, 71.30, '2026-05-06 10:30:00', 1, 'C', 5, 2026, 1.40),
(132, 33, '2026-06-05', 69.90, 69.90, '2026-06-05 10:15:00', 4, 'C', 6, 2026, 0),
(133, 34, '2026-03-15', 79.90, 81.50, '2026-03-23 15:45:00', 3, 'C', 3, 2026, 1.60),
(134, 34, '2026-04-15', 79.90, 79.90, '2026-04-15 13:15:00', 1, 'C', 4, 2026, 0),
(135, 34, '2026-05-15', 79.90, 79.90, '2026-05-15 09:00:00', 4, 'C', 5, 2026, 0),
(136, 34, '2026-06-15', 79.90, 79.90, '2026-06-15 08:15:00', 1, 'C', 6, 2026, 0),
(137, 35, '2026-03-20', 69.90, 69.90, '2026-03-20 17:00:00', 1, 'C', 3, 2026, 0),
(138, 35, '2026-04-20', 69.90, 69.90, '2026-04-20 16:15:00', 3, 'C', 4, 2026, 0),
(139, 35, '2026-05-20', 69.90, 69.90, '2026-05-20 12:15:00', 4, 'C', 5, 2026, 0),
(140, 35, '2026-06-20', 69.90, 69.90, '2026-06-20 17:30:00', 1, 'C', 6, 2026, 0),
(141, 36, '2026-03-05', 69.90, 71.30, '2026-03-13 16:15:00', 2, 'C', 3, 2026, 1.40),
(142, 36, '2026-04-05', 69.90, 69.90, '2026-04-05 17:15:00', 3, 'C', 4, 2026, 0),
(143, 36, '2026-05-05', 69.90, 69.90, '2026-05-05 13:45:00', 3, 'C', 5, 2026, 0),
(144, 36, '2026-06-05', 69.90, 69.90, '2026-06-05 10:30:00', 2, 'C', 6, 2026, 0),
(145, 37, '2026-03-15', 99.90, 99.90, '2026-03-15 21:15:00', 2, 'C', 3, 2026, 0),
(146, 37, '2026-04-15', 99.90, 101.90, '2026-04-16 08:45:00', 5, 'C', 4, 2026, 2.00),
(147, 37, '2026-05-15', 99.90, 99.90, '2026-05-15 11:30:00', 1, 'C', 5, 2026, 0),
(148, 37, '2026-06-15', 99.90, 101.90, '2026-06-17 21:30:00', 1, 'C', 6, 2026, 2.00),
(149, 38, '2026-03-10', 59.90, 59.90, '2026-03-10 12:45:00', 3, 'C', 3, 2026, 0),
(150, 38, '2026-04-10', 59.90, 61.10, '2026-04-11 11:15:00', 3, 'C', 4, 2026, 1.20),
(151, 38, '2026-05-10', 59.90, 59.90, '2026-05-10 08:15:00', 4, 'C', 5, 2026, 0),
(152, 38, '2026-06-10', 59.90, 59.90, '2026-06-10 20:45:00', 4, 'C', 6, 2026, 0),
(153, 39, '2026-03-20', 69.90, 69.90, '2026-03-20 14:15:00', 3, 'C', 3, 2026, 0),
(154, 39, '2026-04-20', 69.90, 69.90, '2026-04-20 16:30:00', 2, 'C', 4, 2026, 0),
(155, 39, '2026-05-20', 69.90, 71.30, '2026-05-22 15:00:00', 4, 'C', 5, 2026, 1.40),
(156, 39, '2026-06-20', 69.90, 69.90, '2026-06-20 13:15:00', 2, 'C', 6, 2026, 0),
(157, 40, '2026-03-10', 89.90, 89.90, '2026-03-10 11:15:00', 1, 'C', 3, 2026, 0),
(158, 40, '2026-04-10', 89.90, 89.90, '2026-04-10 19:45:00', 1, 'C', 4, 2026, 0),
(159, 40, '2026-05-10', 89.90, 89.90, '2026-05-10 17:15:00', 3, 'C', 5, 2026, 0),
(160, 40, '2026-06-10', 89.90, 89.90, '2026-06-10 12:45:00', 5, 'C', 6, 2026, 0),
(161, 41, '2026-03-20', 69.90, 69.90, '2026-03-20 10:30:00', 1, 'C', 3, 2026, 0),
(162, 41, '2026-04-20', 69.90, 69.90, '2026-04-20 16:00:00', 3, 'C', 4, 2026, 0),
(163, 41, '2026-05-20', 69.90, 69.90, '2026-05-20 21:00:00', 3, 'C', 5, 2026, 0),
(164, 41, '2026-06-20', 69.90, 71.30, '2026-06-21 11:00:00', 3, 'C', 6, 2026, 1.40),
(165, 42, '2026-03-05', 79.90, 79.90, '2026-03-05 13:00:00', 3, 'C', 3, 2026, 0),
(166, 42, '2026-04-05', 79.90, 79.90, '2026-04-05 15:45:00', 1, 'C', 4, 2026, 0),
(167, 42, '2026-05-05', 79.90, 79.90, '2026-05-05 08:30:00', 3, 'C', 5, 2026, 0),
(168, 42, '2026-06-05', 79.90, 79.90, '2026-06-05 19:45:00', 4, 'C', 6, 2026, 0),
(169, 43, '2026-03-20', 79.90, 79.90, '2026-03-20 09:15:00', 1, 'C', 3, 2026, 0),
(170, 43, '2026-04-20', 79.90, 79.90, '2026-04-20 13:30:00', 3, 'C', 4, 2026, 0),
(171, 43, '2026-05-20', 79.90, NULL, NULL, NULL, 'P', 5, 2026, 0.00),
(172, 43, '2026-06-20', 79.90, 79.90, '2026-06-20 11:15:00', 1, 'C', 6, 2026, 0),
(173, 44, '2026-03-05', 59.90, 59.90, '2026-03-05 21:00:00', 1, 'C', 3, 2026, 0),
(174, 44, '2026-04-05', 59.90, 59.90, '2026-04-05 08:00:00', 3, 'C', 4, 2026, 0),
(175, 44, '2026-05-05', 59.90, NULL, NULL, NULL, 'P', 5, 2026, 0.00),
(176, 44, '2026-06-05', 59.90, 59.90, '2026-06-05 13:00:00', 4, 'C', 6, 2026, 0),
(177, 45, '2026-03-05', 59.90, 59.90, '2026-03-05 21:45:00', 1, 'C', 3, 2026, 0),
(178, 45, '2026-04-05', 59.90, 59.90, '2026-04-05 12:00:00', 1, 'C', 4, 2026, 0),
(179, 45, '2026-05-05', 59.90, 59.90, '2026-05-05 11:15:00', 3, 'C', 5, 2026, 0),
(180, 45, '2026-06-05', 59.90, 59.90, '2026-06-05 09:30:00', 1, 'C', 6, 2026, 0),
(181, 46, '2026-03-20', 89.90, 91.70, '2026-03-21 14:30:00', 2, 'C', 3, 2026, 1.80),
(182, 46, '2026-04-20', 89.90, 89.90, '2026-04-20 19:00:00', 3, 'C', 4, 2026, 0),
(183, 46, '2026-05-20', 89.90, 89.90, '2026-05-20 14:15:00', 4, 'C', 5, 2026, 0),
(184, 46, '2026-06-20', 89.90, 89.90, '2026-06-20 17:45:00', 5, 'C', 6, 2026, 0),
(185, 47, '2026-03-05', 99.90, 99.90, '2026-03-05 20:45:00', 3, 'C', 3, 2026, 0),
(186, 47, '2026-04-05', 99.90, 101.90, '2026-04-10 14:15:00', 3, 'C', 4, 2026, 2.00),
(187, 47, '2026-05-05', 99.90, 99.90, '2026-05-05 17:30:00', 3, 'C', 5, 2026, 0),
(188, 47, '2026-06-05', 99.90, 99.90, '2026-06-05 10:45:00', 3, 'C', 6, 2026, 0),
(189, 48, '2026-03-10', 79.90, 79.90, '2026-03-10 13:30:00', 1, 'C', 3, 2026, 0),
(190, 48, '2026-04-10', 79.90, 79.90, '2026-04-10 13:30:00', 1, 'C', 4, 2026, 0),
(191, 48, '2026-05-10', 79.90, NULL, NULL, NULL, 'P', 5, 2026, 0.00),
(192, 48, '2026-06-10', 79.90, 79.90, '2026-06-10 16:45:00', 1, 'C', 6, 2026, 0),
(193, 49, '2026-03-10', 99.90, 99.90, '2026-03-10 17:30:00', 4, 'C', 3, 2026, 0),
(194, 49, '2026-04-10', 99.90, 99.90, '2026-04-10 20:00:00', 3, 'C', 4, 2026, 0),
(195, 49, '2026-05-10', 99.90, 101.90, '2026-05-18 11:15:00', 3, 'C', 5, 2026, 2.00),
(196, 49, '2026-06-10', 99.90, 99.90, '2026-06-10 12:45:00', 1, 'C', 6, 2026, 0),
(197, 50, '2026-03-10', 69.90, 69.90, '2026-03-10 12:45:00', 3, 'C', 3, 2026, 0),
(198, 50, '2026-04-10', 69.90, 71.30, '2026-04-15 19:45:00', 3, 'C', 4, 2026, 1.40),
(199, 50, '2026-05-10', 69.90, 69.90, '2026-05-10 12:00:00', 4, 'C', 5, 2026, 0),
(200, 50, '2026-06-10', 69.90, 69.90, '2026-06-10 20:30:00', 2, 'C', 6, 2026, 0),
(201, 51, '2026-03-15', 79.90, 81.50, '2026-03-16 18:15:00', 2, 'C', 3, 2026, 1.60),
(202, 51, '2026-04-15', 79.90, 79.90, '2026-04-15 15:30:00', 1, 'C', 4, 2026, 0),
(203, 51, '2026-05-15', 79.90, 79.90, '2026-05-15 19:45:00', 5, 'C', 5, 2026, 0),
(204, 51, '2026-06-15', 79.90, 79.90, '2026-06-15 12:45:00', 2, 'C', 6, 2026, 0),
(205, 52, '2026-03-15', 69.90, 69.90, '2026-03-15 16:15:00', 3, 'C', 3, 2026, 0),
(206, 52, '2026-04-15', 69.90, 71.30, '2026-04-20 15:15:00', 2, 'C', 4, 2026, 1.40),
(207, 52, '2026-05-15', 69.90, 69.90, '2026-05-15 21:45:00', 3, 'C', 5, 2026, 0),
(208, 52, '2026-06-15', 69.90, NULL, NULL, NULL, 'P', 6, 2026, 0.00),
(209, 53, '2026-03-10', 79.90, 79.90, '2026-03-10 10:45:00', 3, 'C', 3, 2026, 0),
(210, 53, '2026-04-10', 79.90, 81.50, '2026-04-18 15:45:00', 3, 'C', 4, 2026, 1.60),
(211, 53, '2026-05-10', 79.90, 81.50, '2026-05-11 14:00:00', 3, 'C', 5, 2026, 1.60),
(212, 53, '2026-06-10', 79.90, 81.50, '2026-06-12 16:00:00', 1, 'C', 6, 2026, 1.60),
(213, 54, '2026-03-15', 99.90, 99.90, '2026-03-15 10:00:00', 3, 'C', 3, 2026, 0),
(214, 54, '2026-04-15', 99.90, 99.90, '2026-04-15 20:30:00', 5, 'C', 4, 2026, 0),
(215, 54, '2026-05-15', 99.90, 99.90, '2026-05-15 12:15:00', 3, 'C', 5, 2026, 0),
(216, 54, '2026-06-15', 99.90, 99.90, '2026-06-15 17:15:00', 2, 'C', 6, 2026, 0),
(217, 55, '2026-03-10', 99.90, 99.90, '2026-03-10 17:15:00', 2, 'C', 3, 2026, 0),
(218, 55, '2026-04-10', 99.90, 99.90, '2026-04-10 14:00:00', 1, 'C', 4, 2026, 0),
(219, 55, '2026-05-10', 99.90, 99.90, '2026-05-10 12:30:00', 3, 'C', 5, 2026, 0),
(220, 55, '2026-06-10', 99.90, 99.90, '2026-06-10 15:00:00', 2, 'C', 6, 2026, 0),
(221, 56, '2026-03-05', 79.90, 79.90, '2026-03-05 12:00:00', 4, 'C', 3, 2026, 0),
(222, 56, '2026-04-05', 79.90, 81.50, '2026-04-06 18:00:00', 3, 'C', 4, 2026, 1.60),
(223, 56, '2026-05-05', 79.90, 81.50, '2026-05-13 11:15:00', 3, 'C', 5, 2026, 1.60),
(224, 56, '2026-06-05', 79.90, 79.90, '2026-06-05 15:15:00', 3, 'C', 6, 2026, 0),
(225, 57, '2026-03-05', 89.90, 89.90, '2026-03-05 18:45:00', 2, 'C', 3, 2026, 0),
(226, 57, '2026-04-05', 89.90, 91.70, '2026-04-07 15:45:00', 2, 'C', 4, 2026, 1.80),
(227, 57, '2026-05-05', 89.90, 89.90, '2026-05-05 20:00:00', 3, 'C', 5, 2026, 0),
(228, 57, '2026-06-05', 89.90, 89.90, '2026-06-05 13:30:00', 1, 'C', 6, 2026, 0),
(229, 58, '2026-03-15', 89.90, 89.90, '2026-03-15 15:30:00', 3, 'C', 3, 2026, 0),
(230, 58, '2026-04-15', 89.90, 89.90, '2026-04-15 13:30:00', 4, 'C', 4, 2026, 0),
(231, 58, '2026-05-15', 89.90, 91.70, '2026-05-16 19:30:00', 4, 'C', 5, 2026, 1.80),
(232, 58, '2026-06-15', 89.90, 89.90, '2026-06-15 13:00:00', 1, 'C', 6, 2026, 0),
(233, 59, '2026-03-05', 89.90, 89.90, '2026-03-05 10:45:00', 2, 'C', 3, 2026, 0),
(234, 59, '2026-04-05', 89.90, 89.90, '2026-04-05 10:45:00', 3, 'C', 4, 2026, 0),
(235, 59, '2026-05-05', 89.90, 89.90, '2026-05-05 10:15:00', 3, 'C', 5, 2026, 0),
(236, 59, '2026-06-05', 89.90, NULL, NULL, NULL, 'P', 6, 2026, 0.00),
(237, 60, '2026-03-20', 59.90, 59.90, '2026-03-20 08:30:00', 5, 'C', 3, 2026, 0),
(238, 60, '2026-04-20', 59.90, 59.90, '2026-04-20 14:45:00', 2, 'C', 4, 2026, 0),
(239, 60, '2026-05-20', 59.90, 59.90, '2026-05-20 15:45:00', 1, 'C', 5, 2026, 0),
(240, 60, '2026-06-20', 59.90, 59.90, '2026-06-20 11:30:00', 1, 'C', 6, 2026, 0),
(241, 61, '2026-03-05', 79.90, 79.90, '2026-03-05 20:45:00', 3, 'C', 3, 2026, 0),
(242, 61, '2026-04-05', 79.90, 79.90, '2026-04-05 16:00:00', 3, 'C', 4, 2026, 0),
(243, 61, '2026-05-05', 79.90, 79.90, '2026-05-05 13:00:00', 3, 'C', 5, 2026, 0),
(244, 61, '2026-06-05', 79.90, 79.90, '2026-06-05 14:00:00', 3, 'C', 6, 2026, 0),
(245, 62, '2026-03-05', 69.90, 69.90, '2026-03-05 21:00:00', 2, 'C', 3, 2026, 0),
(246, 62, '2026-04-05', 69.90, 71.30, '2026-04-06 15:00:00', 3, 'C', 4, 2026, 1.40),
(247, 62, '2026-05-05', 69.90, 71.30, '2026-05-06 17:30:00', 4, 'C', 5, 2026, 1.40),
(248, 62, '2026-06-05', 69.90, 69.90, '2026-06-05 17:15:00', 3, 'C', 6, 2026, 0),
(249, 63, '2026-03-20', 99.90, 101.90, '2026-03-21 17:30:00', 3, 'C', 3, 2026, 2.00),
(250, 63, '2026-04-20', 99.90, 99.90, '2026-04-20 19:30:00', 1, 'C', 4, 2026, 0);
INSERT INTO faturas_pagamento (id, id_assinatura, data_vencimento, valor_fatura, valor_pago, data_pagamento, id_metodo_pagamento, status_pagamento, mes_referencia, ano_referencia, multa_aplicada) VALUES
(251, 63, '2026-05-20', 99.90, 101.90, '2026-05-21 18:00:00', 1, 'C', 5, 2026, 2.00),
(252, 63, '2026-06-20', 99.90, 99.90, '2026-06-20 08:30:00', 4, 'C', 6, 2026, 0),
(253, 64, '2026-03-20', 59.90, 61.10, '2026-03-21 11:15:00', 3, 'C', 3, 2026, 1.20),
(254, 64, '2026-04-20', 59.90, 59.90, '2026-04-20 18:45:00', 3, 'C', 4, 2026, 0),
(255, 64, '2026-05-20', 59.90, 59.90, '2026-05-20 14:45:00', 3, 'C', 5, 2026, 0),
(256, 64, '2026-06-20', 59.90, 61.10, '2026-06-22 09:45:00', 3, 'C', 6, 2026, 1.20),
(257, 65, '2026-03-05', 89.90, 91.70, '2026-03-10 13:45:00', 5, 'C', 3, 2026, 1.80),
(258, 65, '2026-04-05', 89.90, 89.90, '2026-04-05 20:00:00', 3, 'C', 4, 2026, 0),
(259, 65, '2026-05-05', 89.90, 89.90, '2026-05-05 13:00:00', 3, 'C', 5, 2026, 0),
(260, 65, '2026-06-05', 89.90, 91.70, '2026-06-10 21:15:00', 3, 'C', 6, 2026, 1.80),
(261, 66, '2026-03-20', 69.90, 69.90, '2026-03-20 16:15:00', 3, 'C', 3, 2026, 0),
(262, 66, '2026-04-20', 69.90, 69.90, '2026-04-20 18:00:00', 1, 'C', 4, 2026, 0),
(263, 66, '2026-05-20', 69.90, 71.30, '2026-05-21 08:00:00', 4, 'C', 5, 2026, 1.40),
(264, 66, '2026-06-20', 69.90, NULL, NULL, NULL, 'P', 6, 2026, 0.00),
(265, 67, '2026-03-15', 89.90, 91.70, '2026-03-23 14:15:00', 5, 'C', 3, 2026, 1.80),
(266, 67, '2026-04-15', 89.90, 91.70, '2026-04-17 12:15:00', 4, 'C', 4, 2026, 1.80),
(267, 67, '2026-05-15', 89.90, 89.90, '2026-05-15 13:30:00', 1, 'C', 5, 2026, 0),
(268, 67, '2026-06-15', 89.90, 89.90, '2026-06-15 08:45:00', 3, 'C', 6, 2026, 0),
(269, 68, '2026-03-05', 69.90, 69.90, '2026-03-05 14:00:00', 3, 'C', 3, 2026, 0),
(270, 68, '2026-04-05', 69.90, 69.90, '2026-04-05 10:15:00', 3, 'C', 4, 2026, 0),
(271, 68, '2026-05-05', 69.90, 69.90, '2026-05-05 13:00:00', 5, 'C', 5, 2026, 0),
(272, 68, '2026-06-05', 69.90, 69.90, '2026-06-05 09:15:00', 2, 'C', 6, 2026, 0),
(273, 69, '2026-03-15', 99.90, 99.90, '2026-03-15 13:30:00', 4, 'C', 3, 2026, 0),
(274, 69, '2026-04-15', 99.90, 99.90, '2026-04-15 20:15:00', 3, 'C', 4, 2026, 0),
(275, 69, '2026-05-15', 99.90, 99.90, '2026-05-15 17:00:00', 3, 'C', 5, 2026, 0),
(276, 69, '2026-06-15', 99.90, 99.90, '2026-06-15 11:15:00', 4, 'C', 6, 2026, 0),
(277, 70, '2026-03-05', 59.90, 59.90, '2026-03-05 11:00:00', 4, 'C', 3, 2026, 0),
(278, 70, '2026-04-05', 59.90, 59.90, '2026-04-05 19:45:00', 2, 'C', 4, 2026, 0),
(279, 70, '2026-05-05', 59.90, 59.90, '2026-05-05 11:30:00', 3, 'C', 5, 2026, 0),
(280, 70, '2026-06-05', 59.90, 59.90, '2026-06-05 19:30:00', 3, 'C', 6, 2026, 0),
(281, 71, '2026-03-20', 99.90, 101.90, '2026-03-21 18:30:00', 1, 'C', 3, 2026, 2.00),
(282, 71, '2026-04-20', 99.90, 99.90, '2026-04-20 14:30:00', 3, 'C', 4, 2026, 0),
(283, 71, '2026-05-20', 99.90, 99.90, '2026-05-20 11:45:00', 2, 'C', 5, 2026, 0),
(284, 71, '2026-06-20', 99.90, 99.90, '2026-06-20 09:00:00', 5, 'C', 6, 2026, 0),
(285, 72, '2026-03-10', 99.90, 99.90, '2026-03-10 21:45:00', 2, 'C', 3, 2026, 0),
(286, 72, '2026-04-10', 99.90, 99.90, '2026-04-10 20:00:00', 1, 'C', 4, 2026, 0),
(287, 72, '2026-05-10', 99.90, NULL, NULL, NULL, 'P', 5, 2026, 0.00),
(288, 72, '2026-06-10', 99.90, 99.90, '2026-06-10 08:45:00', 3, 'C', 6, 2026, 0),
(289, 73, '2026-03-05', 89.90, 89.90, '2026-03-05 14:45:00', 3, 'C', 3, 2026, 0),
(290, 73, '2026-04-05', 89.90, 89.90, '2026-04-05 17:15:00', 1, 'C', 4, 2026, 0),
(291, 73, '2026-05-05', 89.90, 89.90, '2026-05-05 11:15:00', 3, 'C', 5, 2026, 0),
(292, 73, '2026-06-05', 89.90, 89.90, '2026-06-05 21:00:00', 2, 'C', 6, 2026, 0),
(293, 74, '2026-03-05', 89.90, 91.70, '2026-03-10 11:00:00', 1, 'C', 3, 2026, 1.80),
(294, 74, '2026-04-05', 89.90, 89.90, '2026-04-05 17:00:00', 2, 'C', 4, 2026, 0),
(295, 74, '2026-05-05', 89.90, 89.90, '2026-05-05 09:00:00', 3, 'C', 5, 2026, 0),
(296, 74, '2026-06-05', 89.90, 89.90, '2026-06-05 13:30:00', 1, 'C', 6, 2026, 0),
(297, 75, '2026-03-15', 59.90, 59.90, '2026-03-15 12:00:00', 3, 'C', 3, 2026, 0),
(298, 75, '2026-04-15', 59.90, 61.10, '2026-04-16 12:00:00', 1, 'C', 4, 2026, 1.20),
(299, 75, '2026-05-15', 59.90, 59.90, '2026-05-15 15:45:00', 3, 'C', 5, 2026, 0),
(300, 75, '2026-06-15', 59.90, NULL, NULL, NULL, 'P', 6, 2026, 0.00),
(301, 76, '2026-03-10', 99.90, 99.90, '2026-03-10 10:30:00', 3, 'C', 3, 2026, 0),
(302, 76, '2026-04-10', 99.90, 99.90, '2026-04-10 09:15:00', 3, 'C', 4, 2026, 0),
(303, 76, '2026-05-10', 99.90, NULL, NULL, NULL, 'P', 5, 2026, 0.00),
(304, 76, '2026-06-10', 99.90, 99.90, '2026-06-10 08:45:00', 2, 'C', 6, 2026, 0),
(305, 77, '2026-03-15', 79.90, 79.90, '2026-03-15 21:00:00', 3, 'C', 3, 2026, 0),
(306, 77, '2026-04-15', 79.90, 79.90, '2026-04-15 14:15:00', 2, 'C', 4, 2026, 0),
(307, 77, '2026-05-15', 79.90, 79.90, '2026-05-15 12:00:00', 3, 'C', 5, 2026, 0),
(308, 77, '2026-06-15', 79.90, NULL, NULL, NULL, 'P', 6, 2026, 0.00),
(309, 78, '2026-03-15', 69.90, 69.90, '2026-03-15 11:00:00', 5, 'C', 3, 2026, 0),
(310, 78, '2026-04-15', 69.90, 69.90, '2026-04-15 12:30:00', 2, 'C', 4, 2026, 0),
(311, 78, '2026-05-15', 69.90, 69.90, '2026-05-15 11:30:00', 3, 'C', 5, 2026, 0),
(312, 78, '2026-06-15', 69.90, 69.90, '2026-06-15 15:30:00', 3, 'C', 6, 2026, 0),
(313, 79, '2026-03-05', 89.90, 89.90, '2026-03-05 11:15:00', 1, 'C', 3, 2026, 0),
(314, 79, '2026-04-05', 89.90, 89.90, '2026-04-05 16:30:00', 3, 'C', 4, 2026, 0),
(315, 79, '2026-05-05', 89.90, 89.90, '2026-05-05 13:00:00', 3, 'C', 5, 2026, 0),
(316, 79, '2026-06-05', 89.90, 89.90, '2026-06-05 12:00:00', 1, 'C', 6, 2026, 0),
(317, 80, '2026-03-05', 79.90, 79.90, '2026-03-05 08:15:00', 3, 'C', 3, 2026, 0),
(318, 80, '2026-04-05', 79.90, 81.50, '2026-04-07 21:45:00', 3, 'C', 4, 2026, 1.60),
(319, 80, '2026-05-05', 79.90, 81.50, '2026-05-13 09:00:00', 3, 'C', 5, 2026, 1.60),
(320, 80, '2026-06-05', 79.90, 79.90, '2026-06-05 17:00:00', 2, 'C', 6, 2026, 0),
(321, 81, '2026-03-15', 99.90, 99.90, '2026-03-15 12:30:00', 4, 'C', 3, 2026, 0),
(322, 81, '2026-04-15', 99.90, 101.90, '2026-04-16 13:30:00', 3, 'C', 4, 2026, 2.00),
(323, 81, '2026-05-15', 99.90, 101.90, '2026-05-20 10:00:00', 1, 'C', 5, 2026, 2.00),
(324, 81, '2026-06-15', 99.90, 99.90, '2026-06-15 14:00:00', 3, 'C', 6, 2026, 0),
(325, 82, '2026-03-20', 89.90, 89.90, '2026-03-20 12:45:00', 1, 'C', 3, 2026, 0),
(326, 82, '2026-04-20', 89.90, 89.90, '2026-04-20 18:30:00', 4, 'C', 4, 2026, 0),
(327, 82, '2026-05-20', 89.90, 89.90, '2026-05-20 21:30:00', 1, 'C', 5, 2026, 0),
(328, 82, '2026-06-20', 89.90, 91.70, '2026-06-25 14:00:00', 3, 'C', 6, 2026, 1.80),
(329, 83, '2026-03-05', 99.90, 101.90, '2026-03-13 08:45:00', 4, 'C', 3, 2026, 2.00),
(330, 83, '2026-04-05', 99.90, 99.90, '2026-04-05 09:45:00', 1, 'C', 4, 2026, 0),
(331, 83, '2026-05-05', 99.90, 99.90, '2026-05-05 08:15:00', 1, 'C', 5, 2026, 0),
(332, 83, '2026-06-05', 99.90, 99.90, '2026-06-05 18:00:00', 3, 'C', 6, 2026, 0),
(333, 84, '2026-03-20', 79.90, 81.50, '2026-03-21 08:00:00', 1, 'C', 3, 2026, 1.60),
(334, 84, '2026-04-20', 79.90, 81.50, '2026-04-21 09:30:00', 1, 'C', 4, 2026, 1.60),
(335, 84, '2026-05-20', 79.90, 79.90, '2026-05-20 17:45:00', 4, 'C', 5, 2026, 0),
(336, 84, '2026-06-20', 79.90, 79.90, '2026-06-20 18:45:00', 1, 'C', 6, 2026, 0),
(337, 85, '2026-03-15', 89.90, 89.90, '2026-03-15 12:45:00', 4, 'C', 3, 2026, 0),
(338, 85, '2026-04-15', 89.90, 89.90, '2026-04-15 11:30:00', 3, 'C', 4, 2026, 0),
(339, 85, '2026-05-15', 89.90, 89.90, '2026-05-15 09:30:00', 2, 'C', 5, 2026, 0),
(340, 85, '2026-06-15', 89.90, 89.90, '2026-06-15 20:15:00', 3, 'C', 6, 2026, 0),
(341, 86, '2026-03-05', 79.90, 79.90, '2026-03-05 14:30:00', 3, 'C', 3, 2026, 0),
(342, 86, '2026-04-05', 79.90, 79.90, '2026-04-05 17:30:00', 2, 'C', 4, 2026, 0),
(343, 86, '2026-05-05', 79.90, 79.90, '2026-05-05 11:00:00', 4, 'C', 5, 2026, 0),
(344, 86, '2026-06-05', 79.90, 79.90, '2026-06-05 15:30:00', 3, 'C', 6, 2026, 0),
(345, 87, '2026-03-05', 99.90, 101.90, '2026-03-13 09:15:00', 3, 'C', 3, 2026, 2.00),
(346, 87, '2026-04-05', 99.90, 101.90, '2026-04-06 19:00:00', 3, 'C', 4, 2026, 2.00),
(347, 87, '2026-05-05', 99.90, 99.90, '2026-05-05 20:45:00', 2, 'C', 5, 2026, 0),
(348, 87, '2026-06-05', 99.90, 101.90, '2026-06-06 10:15:00', 3, 'C', 6, 2026, 2.00),
(349, 88, '2026-03-20', 99.90, 99.90, '2026-03-20 17:00:00', 3, 'C', 3, 2026, 0),
(350, 88, '2026-04-20', 99.90, 99.90, '2026-04-20 10:15:00', 4, 'C', 4, 2026, 0),
(351, 88, '2026-05-20', 99.90, 101.90, '2026-05-28 16:30:00', 1, 'C', 5, 2026, 2.00),
(352, 88, '2026-06-20', 99.90, NULL, NULL, NULL, 'P', 6, 2026, 0.00),
(353, 89, '2026-03-10', 79.90, 79.90, '2026-03-10 08:45:00', 1, 'C', 3, 2026, 0),
(354, 89, '2026-04-10', 79.90, 79.90, '2026-04-10 10:30:00', 3, 'C', 4, 2026, 0),
(355, 89, '2026-05-10', 79.90, 81.50, '2026-05-11 13:00:00', 1, 'C', 5, 2026, 1.60),
(356, 89, '2026-06-10', 79.90, 81.50, '2026-06-12 20:00:00', 4, 'C', 6, 2026, 1.60),
(357, 90, '2026-03-20', 79.90, 81.50, '2026-03-25 13:45:00', 3, 'C', 3, 2026, 1.60),
(358, 90, '2026-04-20', 79.90, 79.90, '2026-04-20 10:45:00', 3, 'C', 4, 2026, 0),
(359, 90, '2026-05-20', 79.90, 79.90, '2026-05-20 10:30:00', 1, 'C', 5, 2026, 0),
(360, 90, '2026-06-20', 79.90, 79.90, '2026-06-20 12:30:00', 1, 'C', 6, 2026, 0),
(361, 91, '2026-03-15', 99.90, 101.90, '2026-03-20 17:45:00', 4, 'C', 3, 2026, 2.00),
(362, 91, '2026-04-15', 99.90, 99.90, '2026-04-15 10:30:00', 4, 'C', 4, 2026, 0),
(363, 91, '2026-05-15', 99.90, 99.90, '2026-05-15 17:00:00', 4, 'C', 5, 2026, 0),
(364, 91, '2026-06-15', 99.90, NULL, NULL, NULL, 'P', 6, 2026, 0.00),
(365, 92, '2026-03-05', 99.90, 99.90, '2026-03-05 13:15:00', 3, 'C', 3, 2026, 0),
(366, 92, '2026-04-05', 99.90, 101.90, '2026-04-06 18:30:00', 2, 'C', 4, 2026, 2.00),
(367, 92, '2026-05-05', 99.90, 99.90, '2026-05-05 09:30:00', 1, 'C', 5, 2026, 0),
(368, 92, '2026-06-05', 99.90, NULL, NULL, NULL, 'P', 6, 2026, 0.00),
(369, 93, '2026-03-10', 99.90, 99.90, '2026-03-10 19:45:00', 5, 'C', 3, 2026, 0),
(370, 93, '2026-04-10', 99.90, 99.90, '2026-04-10 14:30:00', 3, 'C', 4, 2026, 0),
(371, 93, '2026-05-10', 99.90, NULL, NULL, NULL, 'P', 5, 2026, 0.00),
(372, 93, '2026-06-10', 99.90, 101.90, '2026-06-11 18:15:00', 1, 'C', 6, 2026, 2.00),
(373, 94, '2026-03-05', 79.90, 81.50, '2026-03-06 12:00:00', 2, 'C', 3, 2026, 1.60),
(374, 94, '2026-04-05', 79.90, 79.90, '2026-04-05 10:45:00', 1, 'C', 4, 2026, 0),
(375, 94, '2026-05-05', 79.90, NULL, NULL, NULL, 'P', 5, 2026, 0.00),
(376, 94, '2026-06-05', 79.90, 81.50, '2026-06-13 13:45:00', 3, 'C', 6, 2026, 1.60),
(377, 95, '2026-03-10', 99.90, 99.90, '2026-03-10 17:45:00', 1, 'C', 3, 2026, 0),
(378, 95, '2026-04-10', 99.90, 99.90, '2026-04-10 11:45:00', 3, 'C', 4, 2026, 0),
(379, 95, '2026-05-10', 99.90, 99.90, '2026-05-10 12:30:00', 1, 'C', 5, 2026, 0),
(380, 95, '2026-06-10', 99.90, NULL, NULL, NULL, 'P', 6, 2026, 0.00),
(381, 96, '2026-03-15', 99.90, 99.90, '2026-03-15 15:15:00', 1, 'C', 3, 2026, 0),
(382, 96, '2026-04-15', 99.90, 99.90, '2026-04-15 21:45:00', 1, 'C', 4, 2026, 0),
(383, 96, '2026-05-15', 99.90, NULL, NULL, NULL, 'P', 5, 2026, 0.00),
(384, 96, '2026-06-15', 99.90, 99.90, '2026-06-15 09:45:00', 4, 'C', 6, 2026, 0),
(385, 97, '2026-03-20', 99.90, 99.90, '2026-03-20 15:30:00', 1, 'C', 3, 2026, 0),
(386, 97, '2026-04-20', 99.90, 99.90, '2026-04-20 14:30:00', 1, 'C', 4, 2026, 0),
(387, 97, '2026-05-20', 99.90, NULL, NULL, NULL, 'P', 5, 2026, 0.00),
(388, 97, '2026-06-20', 99.90, 99.90, '2026-06-20 21:30:00', 3, 'C', 6, 2026, 0),
(389, 98, '2026-03-15', 99.90, 99.90, '2026-03-15 09:00:00', 3, 'C', 3, 2026, 0),
(390, 98, '2026-04-15', 99.90, 99.90, '2026-04-15 20:15:00', 3, 'C', 4, 2026, 0),
(391, 98, '2026-05-15', 99.90, 101.90, '2026-05-16 14:45:00', 3, 'C', 5, 2026, 2.00),
(392, 98, '2026-06-15', 99.90, 99.90, '2026-06-15 14:00:00', 3, 'C', 6, 2026, 0),
(393, 99, '2026-03-20', 89.90, 91.70, '2026-03-21 18:15:00', 1, 'C', 3, 2026, 1.80),
(394, 99, '2026-04-20', 89.90, 89.90, '2026-04-20 10:15:00', 4, 'C', 4, 2026, 0),
(395, 99, '2026-05-20', 89.90, NULL, NULL, NULL, 'P', 5, 2026, 0.00),
(396, 99, '2026-06-20', 89.90, 91.70, '2026-06-28 14:15:00', 5, 'C', 6, 2026, 1.80),
(397, 100, '2026-03-15', 99.90, 101.90, '2026-03-16 12:30:00', 4, 'C', 3, 2026, 2.00),
(398, 100, '2026-04-15', 99.90, 99.90, '2026-04-15 14:45:00', 3, 'C', 4, 2026, 0),
(399, 100, '2026-05-15', 99.90, 99.90, '2026-05-15 21:00:00', 3, 'C', 5, 2026, 0),
(400, 100, '2026-06-15', 99.90, 99.90, '2026-06-15 14:00:00', 2, 'C', 6, 2026, 0),
(401, 101, '2026-03-15', 99.90, 99.90, '2026-03-15 20:00:00', 4, 'C', 3, 2026, 0),
(402, 101, '2026-04-15', 99.90, 99.90, '2026-04-15 12:30:00', 4, 'C', 4, 2026, 0),
(403, 101, '2026-05-15', 99.90, 99.90, '2026-05-15 17:45:00', 1, 'C', 5, 2026, 0),
(404, 101, '2026-06-15', 99.90, 99.90, '2026-06-15 17:45:00', 1, 'C', 6, 2026, 0),
(405, 102, '2026-03-10', 99.90, 99.90, '2026-03-10 11:00:00', 3, 'C', 3, 2026, 0),
(406, 102, '2026-04-10', 99.90, 101.90, '2026-04-12 08:30:00', 4, 'C', 4, 2026, 2.00),
(407, 102, '2026-05-10', 99.90, 99.90, '2026-05-10 15:00:00', 5, 'C', 5, 2026, 0),
(408, 102, '2026-06-10', 99.90, 99.90, '2026-06-10 19:45:00', 3, 'C', 6, 2026, 0),
(409, 103, '2026-03-20', 89.90, 89.90, '2026-03-20 17:00:00', 1, 'C', 3, 2026, 0),
(410, 103, '2026-04-20', 89.90, 91.70, '2026-04-21 19:45:00', 3, 'C', 4, 2026, 1.80),
(411, 103, '2026-05-20', 89.90, 91.70, '2026-05-21 16:15:00', 1, 'C', 5, 2026, 1.80),
(412, 103, '2026-06-20', 89.90, 89.90, '2026-06-20 20:00:00', 1, 'C', 6, 2026, 0),
(413, 104, '2026-03-10', 69.90, 69.90, '2026-03-10 08:15:00', 1, 'C', 3, 2026, 0),
(414, 104, '2026-04-10', 69.90, 69.90, '2026-04-10 11:30:00', 2, 'C', 4, 2026, 0),
(415, 104, '2026-05-10', 69.90, 69.90, '2026-05-10 09:00:00', 1, 'C', 5, 2026, 0),
(416, 104, '2026-06-10', 69.90, 69.90, '2026-06-10 21:45:00', 3, 'C', 6, 2026, 0),
(417, 105, '2026-03-05', 99.90, 99.90, '2026-03-05 12:00:00', 1, 'C', 3, 2026, 0),
(418, 105, '2026-04-05', 99.90, 99.90, '2026-04-05 17:15:00', 4, 'C', 4, 2026, 0),
(419, 105, '2026-05-05', 99.90, 99.90, '2026-05-05 12:45:00', 3, 'C', 5, 2026, 0),
(420, 105, '2026-06-05', 99.90, 101.90, '2026-06-10 18:00:00', 3, 'C', 6, 2026, 2.00),
(421, 106, '2026-03-15', 89.90, 89.90, '2026-03-15 20:00:00', 1, 'C', 3, 2026, 0),
(422, 106, '2026-04-15', 89.90, 91.70, '2026-04-20 19:30:00', 2, 'C', 4, 2026, 1.80),
(423, 106, '2026-05-15', 89.90, 89.90, '2026-05-15 12:15:00', 3, 'C', 5, 2026, 0),
(424, 106, '2026-06-15', 89.90, 91.70, '2026-06-16 14:00:00', 1, 'C', 6, 2026, 1.80),
(425, 107, '2026-03-10', 79.90, 81.50, '2026-03-15 21:30:00', 3, 'C', 3, 2026, 1.60),
(426, 107, '2026-04-10', 79.90, 79.90, '2026-04-10 18:00:00', 3, 'C', 4, 2026, 0),
(427, 107, '2026-05-10', 79.90, 79.90, '2026-05-10 13:30:00', 1, 'C', 5, 2026, 0),
(428, 107, '2026-06-10', 79.90, 81.50, '2026-06-12 12:15:00', 1, 'C', 6, 2026, 1.60),
(429, 108, '2026-03-10', 99.90, 101.90, '2026-03-12 20:45:00', 3, 'C', 3, 2026, 2.00),
(430, 108, '2026-04-10', 99.90, 99.90, '2026-04-10 18:45:00', 5, 'C', 4, 2026, 0),
(431, 108, '2026-05-10', 99.90, 99.90, '2026-05-10 14:00:00', 3, 'C', 5, 2026, 0),
(432, 108, '2026-06-10', 99.90, 101.90, '2026-06-11 13:15:00', 3, 'C', 6, 2026, 2.00),
(433, 109, '2026-03-10', 79.90, 79.90, '2026-03-10 18:30:00', 3, 'C', 3, 2026, 0),
(434, 109, '2026-04-10', 79.90, 81.50, '2026-04-11 16:15:00', 1, 'C', 4, 2026, 1.60),
(435, 109, '2026-05-10', 79.90, 79.90, '2026-05-10 19:15:00', 4, 'C', 5, 2026, 0),
(436, 109, '2026-06-10', 79.90, 79.90, '2026-06-10 11:30:00', 1, 'C', 6, 2026, 0),
(437, 110, '2026-03-20', 59.90, 59.90, '2026-03-20 13:30:00', 1, 'C', 3, 2026, 0),
(438, 110, '2026-04-20', 59.90, 61.10, '2026-04-21 15:00:00', 4, 'C', 4, 2026, 1.20),
(439, 110, '2026-05-20', 59.90, 61.10, '2026-05-25 09:45:00', 4, 'C', 5, 2026, 1.20),
(440, 110, '2026-06-20', 59.90, 61.10, '2026-06-21 14:30:00', 2, 'C', 6, 2026, 1.20),
(441, 111, '2026-03-15', 79.90, 79.90, '2026-03-15 11:30:00', 2, 'C', 3, 2026, 0),
(442, 111, '2026-04-15', 79.90, 81.50, '2026-04-17 15:15:00', 2, 'C', 4, 2026, 1.60),
(443, 111, '2026-05-15', 79.90, 79.90, '2026-05-15 15:30:00', 3, 'C', 5, 2026, 0),
(444, 111, '2026-06-15', 79.90, 79.90, '2026-06-15 08:45:00', 1, 'C', 6, 2026, 0),
(445, 112, '2026-03-10', 69.90, 69.90, '2026-03-10 20:15:00', 3, 'C', 3, 2026, 0),
(446, 112, '2026-04-10', 69.90, 69.90, '2026-04-10 17:45:00', 3, 'C', 4, 2026, 0),
(447, 112, '2026-05-10', 69.90, 71.30, '2026-05-15 14:00:00', 1, 'C', 5, 2026, 1.40),
(448, 112, '2026-06-10', 69.90, 69.90, '2026-06-10 08:30:00', 3, 'C', 6, 2026, 0),
(449, 113, '2026-03-15', 89.90, 89.90, '2026-03-15 08:15:00', 1, 'C', 3, 2026, 0),
(450, 113, '2026-04-15', 89.90, 89.90, '2026-04-15 09:45:00', 3, 'C', 4, 2026, 0),
(451, 113, '2026-05-15', 89.90, 89.90, '2026-05-15 08:30:00', 4, 'C', 5, 2026, 0),
(452, 113, '2026-06-15', 89.90, 89.90, '2026-06-15 16:30:00', 2, 'C', 6, 2026, 0),
(453, 114, '2026-03-15', 79.90, 79.90, '2026-03-15 15:30:00', 3, 'C', 3, 2026, 0),
(454, 114, '2026-04-15', 79.90, 81.50, '2026-04-17 20:45:00', 1, 'C', 4, 2026, 1.60),
(455, 114, '2026-05-15', 79.90, 81.50, '2026-05-23 11:00:00', 3, 'C', 5, 2026, 1.60),
(456, 114, '2026-06-15', 79.90, 79.90, '2026-06-15 18:00:00', 2, 'C', 6, 2026, 0),
(457, 115, '2026-03-20', 89.90, 89.90, '2026-03-20 17:00:00', 3, 'C', 3, 2026, 0),
(458, 115, '2026-04-20', 89.90, 89.90, '2026-04-20 21:00:00', 1, 'C', 4, 2026, 0),
(459, 115, '2026-05-20', 89.90, NULL, NULL, NULL, 'P', 5, 2026, 0.00),
(460, 115, '2026-06-20', 89.90, 89.90, '2026-06-20 12:45:00', 3, 'C', 6, 2026, 0),
(461, 116, '2026-03-05', 99.90, 99.90, '2026-03-05 08:30:00', 2, 'C', 3, 2026, 0),
(462, 116, '2026-04-05', 99.90, 99.90, '2026-04-05 17:15:00', 2, 'C', 4, 2026, 0),
(463, 116, '2026-05-05', 99.90, 99.90, '2026-05-05 17:00:00', 1, 'C', 5, 2026, 0),
(464, 116, '2026-06-05', 99.90, 99.90, '2026-06-05 17:15:00', 3, 'C', 6, 2026, 0),
(465, 117, '2026-03-20', 79.90, 81.50, '2026-03-28 13:45:00', 1, 'C', 3, 2026, 1.60),
(466, 117, '2026-04-20', 79.90, 79.90, '2026-04-20 11:45:00', 2, 'C', 4, 2026, 0),
(467, 117, '2026-05-20', 79.90, NULL, NULL, NULL, 'P', 5, 2026, 0.00),
(468, 117, '2026-06-20', 79.90, 81.50, '2026-06-22 21:45:00', 1, 'C', 6, 2026, 1.60),
(469, 118, '2026-03-20', 89.90, 89.90, '2026-03-20 19:00:00', 4, 'C', 3, 2026, 0),
(470, 118, '2026-04-20', 89.90, 89.90, '2026-04-20 12:30:00', 3, 'C', 4, 2026, 0),
(471, 118, '2026-05-20', 89.90, NULL, NULL, NULL, 'P', 5, 2026, 0.00),
(472, 118, '2026-06-20', 89.90, 89.90, '2026-06-20 12:30:00', 4, 'C', 6, 2026, 0),
(473, 119, '2026-03-15', 69.90, 69.90, '2026-03-15 09:00:00', 1, 'C', 3, 2026, 0),
(474, 119, '2026-04-15', 69.90, 69.90, '2026-04-15 13:30:00', 4, 'C', 4, 2026, 0),
(475, 119, '2026-05-15', 69.90, 69.90, '2026-05-15 19:00:00', 2, 'C', 5, 2026, 0),
(476, 119, '2026-06-15', 69.90, 69.90, '2026-06-15 14:45:00', 1, 'C', 6, 2026, 0),
(477, 120, '2026-03-05', 79.90, 81.50, '2026-03-06 20:45:00', 3, 'C', 3, 2026, 1.60),
(478, 120, '2026-04-05', 79.90, 79.90, '2026-04-05 19:00:00', 5, 'C', 4, 2026, 0),
(479, 120, '2026-05-05', 79.90, 79.90, '2026-05-05 17:45:00', 4, 'C', 5, 2026, 0),
(480, 120, '2026-06-05', 79.90, 79.90, '2026-06-05 14:30:00', 3, 'C', 6, 2026, 0),
(481, 121, '2026-03-05', 89.90, 91.70, '2026-03-06 19:15:00', 3, 'C', 3, 2026, 1.80),
(482, 121, '2026-04-05', 89.90, 91.70, '2026-04-07 15:00:00', 1, 'C', 4, 2026, 1.80),
(483, 121, '2026-05-05', 89.90, 89.90, '2026-05-05 21:15:00', 5, 'C', 5, 2026, 0),
(484, 121, '2026-06-05', 89.90, 89.90, '2026-06-05 16:00:00', 2, 'C', 6, 2026, 0),
(485, 122, '2026-03-10', 89.90, 89.90, '2026-03-10 18:45:00', 1, 'C', 3, 2026, 0),
(486, 122, '2026-04-10', 89.90, 91.70, '2026-04-12 17:00:00', 1, 'C', 4, 2026, 1.80),
(487, 122, '2026-05-10', 89.90, 89.90, '2026-05-10 15:45:00', 4, 'C', 5, 2026, 0),
(488, 122, '2026-06-10', 89.90, NULL, NULL, NULL, 'P', 6, 2026, 0.00),
(489, 123, '2026-03-15', 79.90, 79.90, '2026-03-15 12:00:00', 3, 'C', 3, 2026, 0),
(490, 123, '2026-04-15', 79.90, 79.90, '2026-04-15 21:15:00', 1, 'C', 4, 2026, 0),
(491, 123, '2026-05-15', 79.90, 79.90, '2026-05-15 09:45:00', 2, 'C', 5, 2026, 0),
(492, 123, '2026-06-15', 79.90, NULL, NULL, NULL, 'P', 6, 2026, 0.00),
(493, 124, '2026-03-20', 89.90, 89.90, '2026-03-20 09:45:00', 2, 'C', 3, 2026, 0),
(494, 124, '2026-04-20', 89.90, 89.90, '2026-04-20 09:30:00', 4, 'C', 4, 2026, 0),
(495, 124, '2026-05-20', 89.90, 89.90, '2026-05-20 15:30:00', 2, 'C', 5, 2026, 0),
(496, 124, '2026-06-20', 89.90, NULL, NULL, NULL, 'P', 6, 2026, 0.00),
(497, 125, '2026-03-15', 79.90, 79.90, '2026-03-15 16:45:00', 3, 'C', 3, 2026, 0),
(498, 125, '2026-04-15', 79.90, 79.90, '2026-04-15 09:15:00', 1, 'C', 4, 2026, 0),
(499, 125, '2026-05-15', 79.90, 79.90, '2026-05-15 20:30:00', 3, 'C', 5, 2026, 0),
(500, 125, '2026-06-15', 79.90, 79.90, '2026-06-15 10:45:00', 1, 'C', 6, 2026, 0);
INSERT INTO faturas_pagamento (id, id_assinatura, data_vencimento, valor_fatura, valor_pago, data_pagamento, id_metodo_pagamento, status_pagamento, mes_referencia, ano_referencia, multa_aplicada) VALUES
(501, 126, '2026-03-15', 99.90, 99.90, '2026-03-15 09:30:00', 3, 'C', 3, 2026, 0),
(502, 126, '2026-04-15', 99.90, 101.90, '2026-04-20 14:15:00', 3, 'C', 4, 2026, 2.00),
(503, 126, '2026-05-15', 99.90, 99.90, '2026-05-15 09:45:00', 1, 'C', 5, 2026, 0),
(504, 126, '2026-06-15', 99.90, 99.90, '2026-06-15 09:45:00', 3, 'C', 6, 2026, 0),
(505, 127, '2026-03-15', 99.90, 99.90, '2026-03-15 15:00:00', 3, 'C', 3, 2026, 0),
(506, 127, '2026-04-15', 99.90, 101.90, '2026-04-20 21:45:00', 4, 'C', 4, 2026, 2.00),
(507, 127, '2026-05-15', 99.90, 101.90, '2026-05-17 19:15:00', 3, 'C', 5, 2026, 2.00),
(508, 127, '2026-06-15', 99.90, NULL, NULL, NULL, 'P', 6, 2026, 0.00),
(509, 128, '2026-03-15', 99.90, 99.90, '2026-03-15 13:45:00', 2, 'C', 3, 2026, 0),
(510, 128, '2026-04-15', 99.90, 99.90, '2026-04-15 11:30:00', 2, 'C', 4, 2026, 0),
(511, 128, '2026-05-15', 99.90, 99.90, '2026-05-15 20:15:00', 1, 'C', 5, 2026, 0),
(512, 128, '2026-06-15', 99.90, 101.90, '2026-06-17 16:30:00', 4, 'C', 6, 2026, 2.00),
(513, 129, '2026-03-10', 99.90, 99.90, '2026-03-10 19:15:00', 1, 'C', 3, 2026, 0),
(514, 129, '2026-04-10', 99.90, 99.90, '2026-04-10 13:15:00', 5, 'C', 4, 2026, 0),
(515, 129, '2026-05-10', 99.90, 101.90, '2026-05-15 16:30:00', 3, 'C', 5, 2026, 2.00),
(516, 129, '2026-06-10', 99.90, 99.90, '2026-06-10 17:45:00', 3, 'C', 6, 2026, 0),
(517, 130, '2026-03-15', 89.90, 89.90, '2026-03-15 21:45:00', 4, 'C', 3, 2026, 0),
(518, 130, '2026-04-15', 89.90, 89.90, '2026-04-15 10:00:00', 3, 'C', 4, 2026, 0),
(519, 130, '2026-05-15', 89.90, 89.90, '2026-05-15 10:30:00', 3, 'C', 5, 2026, 0),
(520, 130, '2026-06-15', 89.90, NULL, NULL, NULL, 'P', 6, 2026, 0.00),
(521, 131, '2026-03-10', 89.90, 89.90, '2026-03-10 11:00:00', 2, 'C', 3, 2026, 0),
(522, 131, '2026-04-10', 89.90, 89.90, '2026-04-10 18:15:00', 3, 'C', 4, 2026, 0),
(523, 131, '2026-05-10', 89.90, 89.90, '2026-05-10 20:30:00', 3, 'C', 5, 2026, 0),
(524, 131, '2026-06-10', 89.90, NULL, NULL, NULL, 'P', 6, 2026, 0.00),
(525, 132, '2026-03-20', 79.90, 79.90, '2026-03-20 20:30:00', 5, 'C', 3, 2026, 0),
(526, 132, '2026-04-20', 79.90, 79.90, '2026-04-20 11:45:00', 4, 'C', 4, 2026, 0),
(527, 132, '2026-05-20', 79.90, 79.90, '2026-05-20 18:30:00', 3, 'C', 5, 2026, 0),
(528, 132, '2026-06-20', 79.90, 79.90, '2026-06-20 20:15:00', 1, 'C', 6, 2026, 0),
(529, 133, '2026-03-15', 89.90, 89.90, '2026-03-15 10:15:00', 3, 'C', 3, 2026, 0),
(530, 133, '2026-04-15', 89.90, 89.90, '2026-04-15 12:30:00', 1, 'C', 4, 2026, 0),
(531, 133, '2026-05-15', 89.90, 89.90, '2026-05-15 13:45:00', 3, 'C', 5, 2026, 0),
(532, 133, '2026-06-15', 89.90, 89.90, '2026-06-15 13:00:00', 3, 'C', 6, 2026, 0),
(533, 134, '2026-03-05', 69.90, 71.30, '2026-03-06 12:45:00', 3, 'C', 3, 2026, 1.40),
(534, 134, '2026-04-05', 69.90, 69.90, '2026-04-05 19:30:00', 3, 'C', 4, 2026, 0),
(535, 134, '2026-05-05', 69.90, 69.90, '2026-05-05 20:15:00', 2, 'C', 5, 2026, 0),
(536, 134, '2026-06-05', 69.90, 69.90, '2026-06-05 11:15:00', 3, 'C', 6, 2026, 0),
(537, 135, '2026-03-15', 99.90, 99.90, '2026-03-15 20:45:00', 5, 'C', 3, 2026, 0),
(538, 135, '2026-04-15', 99.90, 101.90, '2026-04-23 08:00:00', 3, 'C', 4, 2026, 2.00),
(539, 135, '2026-05-15', 99.90, 101.90, '2026-05-17 17:15:00', 5, 'C', 5, 2026, 2.00),
(540, 135, '2026-06-15', 99.90, 99.90, '2026-06-15 20:00:00', 2, 'C', 6, 2026, 0),
(541, 136, '2026-03-10', 69.90, 69.90, '2026-03-10 16:30:00', 3, 'C', 3, 2026, 0),
(542, 136, '2026-04-10', 69.90, 69.90, '2026-04-10 12:15:00', 2, 'C', 4, 2026, 0),
(543, 136, '2026-05-10', 69.90, NULL, NULL, NULL, 'P', 5, 2026, 0.00),
(544, 136, '2026-06-10', 69.90, NULL, NULL, NULL, 'P', 6, 2026, 0.00),
(545, 137, '2026-03-20', 99.90, 99.90, '2026-03-20 16:00:00', 3, 'C', 3, 2026, 0),
(546, 137, '2026-04-20', 99.90, 99.90, '2026-04-20 11:45:00', 4, 'C', 4, 2026, 0),
(547, 137, '2026-05-20', 99.90, 101.90, '2026-05-21 19:45:00', 3, 'C', 5, 2026, 2.00),
(548, 137, '2026-06-20', 99.90, 99.90, '2026-06-20 10:00:00', 3, 'C', 6, 2026, 0),
(549, 138, '2026-03-20', 89.90, 89.90, '2026-03-20 08:15:00', 3, 'C', 3, 2026, 0),
(550, 138, '2026-04-20', 89.90, 89.90, '2026-04-20 11:30:00', 2, 'C', 4, 2026, 0),
(551, 138, '2026-05-20', 89.90, 89.90, '2026-05-20 13:00:00', 2, 'C', 5, 2026, 0),
(552, 138, '2026-06-20', 89.90, 89.90, '2026-06-20 19:00:00', 3, 'C', 6, 2026, 0),
(553, 139, '2026-03-20', 99.90, 99.90, '2026-03-20 09:30:00', 4, 'C', 3, 2026, 0),
(554, 139, '2026-04-20', 99.90, 99.90, '2026-04-20 12:00:00', 1, 'C', 4, 2026, 0),
(555, 139, '2026-05-20', 99.90, 99.90, '2026-05-20 21:00:00', 3, 'C', 5, 2026, 0),
(556, 139, '2026-06-20', 99.90, 99.90, '2026-06-20 14:30:00', 5, 'C', 6, 2026, 0),
(557, 140, '2026-03-10', 89.90, 89.90, '2026-03-10 20:30:00', 5, 'C', 3, 2026, 0),
(558, 140, '2026-04-10', 89.90, NULL, NULL, NULL, 'P', 4, 2026, 0.00),
(559, 140, '2026-05-10', 89.90, 89.90, '2026-05-10 08:00:00', 3, 'C', 5, 2026, 0),
(560, 140, '2026-06-10', 89.90, 89.90, '2026-06-10 09:30:00', 1, 'C', 6, 2026, 0),
(561, 141, '2026-03-20', 69.90, 69.90, '2026-03-20 11:45:00', 4, 'C', 3, 2026, 0),
(562, 141, '2026-04-20', 69.90, 69.90, '2026-04-20 10:15:00', 3, 'C', 4, 2026, 0),
(563, 141, '2026-05-20', 69.90, 69.90, '2026-05-20 18:00:00', 4, 'C', 5, 2026, 0),
(564, 141, '2026-06-20', 69.90, 71.30, '2026-06-28 15:00:00', 1, 'C', 6, 2026, 1.40),
(565, 142, '2026-03-15', 69.90, NULL, NULL, NULL, 'P', 3, 2026, 0.00),
(566, 142, '2026-04-15', 69.90, NULL, NULL, NULL, 'P', 4, 2026, 0.00),
(567, 142, '2026-05-15', 69.90, 69.90, '2026-05-15 13:30:00', 1, 'C', 5, 2026, 0),
(568, 142, '2026-06-15', 69.90, 69.90, '2026-06-15 17:00:00', 4, 'C', 6, 2026, 0),
(569, 143, '2026-03-20', 99.90, 99.90, '2026-03-20 17:30:00', 3, 'C', 3, 2026, 0),
(570, 143, '2026-04-20', 99.90, 99.90, '2026-04-20 20:30:00', 5, 'C', 4, 2026, 0),
(571, 143, '2026-05-20', 99.90, 99.90, '2026-05-20 20:15:00', 3, 'C', 5, 2026, 0),
(572, 143, '2026-06-20', 99.90, 99.90, '2026-06-20 13:15:00', 3, 'C', 6, 2026, 0),
(573, 144, '2026-03-20', 99.90, 99.90, '2026-03-20 15:30:00', 3, 'C', 3, 2026, 0),
(574, 144, '2026-04-20', 99.90, 99.90, '2026-04-20 18:00:00', 4, 'C', 4, 2026, 0),
(575, 144, '2026-05-20', 99.90, 99.90, '2026-05-20 16:15:00', 1, 'C', 5, 2026, 0),
(576, 144, '2026-06-20', 99.90, 99.90, '2026-06-20 09:00:00', 4, 'C', 6, 2026, 0),
(577, 145, '2026-03-15', 99.90, 101.90, '2026-03-16 17:45:00', 3, 'C', 3, 2026, 2.00),
(578, 145, '2026-04-15', 99.90, 99.90, '2026-04-15 12:45:00', 3, 'C', 4, 2026, 0),
(579, 145, '2026-05-15', 99.90, 99.90, '2026-05-15 20:30:00', 1, 'C', 5, 2026, 0),
(580, 145, '2026-06-15', 99.90, 99.90, '2026-06-15 13:00:00', 3, 'C', 6, 2026, 0),
(581, 146, '2026-03-10', 99.90, 101.90, '2026-03-11 17:15:00', 3, 'C', 3, 2026, 2.00),
(582, 146, '2026-04-10', 99.90, 99.90, '2026-04-10 17:15:00', 3, 'C', 4, 2026, 0),
(583, 146, '2026-05-10', 99.90, 99.90, '2026-05-10 11:45:00', 1, 'C', 5, 2026, 0),
(584, 146, '2026-06-10', 99.90, 99.90, '2026-06-10 18:15:00', 3, 'C', 6, 2026, 0),
(585, 147, '2026-03-20', 99.90, 99.90, '2026-03-20 15:00:00', 1, 'C', 3, 2026, 0),
(586, 147, '2026-04-20', 99.90, 99.90, '2026-04-20 16:30:00', 4, 'C', 4, 2026, 0),
(587, 147, '2026-05-20', 99.90, 99.90, '2026-05-20 10:45:00', 3, 'C', 5, 2026, 0),
(588, 147, '2026-06-20', 99.90, 99.90, '2026-06-20 21:00:00', 3, 'C', 6, 2026, 0),
(589, 148, '2026-03-10', 79.90, 81.50, '2026-03-12 16:45:00', 2, 'C', 3, 2026, 1.60),
(590, 148, '2026-04-10', 79.90, 79.90, '2026-04-10 15:00:00', 3, 'C', 4, 2026, 0),
(591, 148, '2026-05-10', 79.90, 79.90, '2026-05-10 09:30:00', 1, 'C', 5, 2026, 0),
(592, 148, '2026-06-10', 79.90, 79.90, '2026-06-10 19:00:00', 3, 'C', 6, 2026, 0),
(593, 149, '2026-03-15', 89.90, 89.90, '2026-03-15 09:45:00', 3, 'C', 3, 2026, 0),
(594, 149, '2026-04-15', 89.90, 89.90, '2026-04-15 18:45:00', 1, 'C', 4, 2026, 0),
(595, 149, '2026-05-15', 89.90, NULL, NULL, NULL, 'P', 5, 2026, 0.00),
(596, 149, '2026-06-15', 89.90, 89.90, '2026-06-15 18:00:00', 4, 'C', 6, 2026, 0),
(597, 150, '2026-03-05', 99.90, 99.90, '2026-03-05 10:45:00', 3, 'C', 3, 2026, 0),
(598, 150, '2026-04-05', 99.90, 99.90, '2026-04-05 19:30:00', 4, 'C', 4, 2026, 0),
(599, 150, '2026-05-05', 99.90, 99.90, '2026-05-05 15:45:00', 1, 'C', 5, 2026, 0),
(600, 150, '2026-06-05', 99.90, 99.90, '2026-06-05 20:15:00', 3, 'C', 6, 2026, 0);
SET IDENTITY_INSERT faturas_pagamento OFF;
GO

/* AVALIACOES_FISICAS */
SET IDENTITY_INSERT avaliacoes_fisicas ON;
INSERT INTO avaliacoes_fisicas (id, id_aluno, id_funcionario_avaliador, data_avaliacao, peso_kg, altura_cm, percentual_gordura, massa_magra, circunferencia_braco, circunferencia_abdominal, observacoes_progresso) VALUES
(1, 131, 7, '2026-02-24 17:30:00', 84.83, 184, 13.51, 73.37, 32.05, 75.55, 'Evolucao dentro do esperado'),
(2, 52, 11, '2026-05-22 13:15:00', 59.81, 193, 22.47, 46.37, 35.84, 71.64, 'Foco em reducao de gordura abdominal'),
(3, 129, 5, '2026-01-16 17:15:00', 81.96, 193, 12.03, 72.10, 41.00, 98.50, 'Manter acompanhamento mensal'),
(4, 108, 7, '2026-01-23 15:45:00', 101.92, 169, 22.61, 78.88, 38.30, 84.72, 'Ganho de massa magra observado'),
(5, 26, 7, '2026-02-09 14:15:00', 69.16, 160, 31.29, 47.52, 32.54, 77.94, 'Ganho de massa magra observado'),
(6, 2, 11, '2026-05-04 15:00:00', 87.73, 179, 27.13, 63.93, 31.05, 85.22, 'Recomendado ajuste de treino e dieta'),
(7, 110, 11, '2026-05-09 11:45:00', 73.28, 191, 18.06, 60.05, 36.89, 101.71, 'Manter acompanhamento mensal'),
(8, 124, 5, '2026-03-18 15:45:00', 104.43, 171, 24.71, 78.63, 38.39, 86.72, 'Recomendado ajuste de treino e dieta'),
(9, 31, 11, '2026-02-15 19:15:00', 65.72, 161, 20.81, 52.04, 31.42, 93.12, 'Ganho de massa magra observado'),
(10, 14, 5, '2026-04-21 07:00:00', 78.58, 164, 25.21, 58.77, 27.41, 81.05, 'Aluno com boa aderencia ao plano'),
(11, 21, 11, '2026-01-24 13:45:00', 87.81, 194, 18.30, 71.74, 41.42, 72.41, 'Recomendado ajuste de treino e dieta'),
(12, 127, 7, '2026-01-07 20:30:00', 56.68, 167, 25.19, 42.40, 34.25, 79.73, 'Recomendado ajuste de treino e dieta'),
(13, 10, 7, '2026-02-21 07:15:00', 104.84, 160, 29.15, 74.28, 31.65, 86.60, 'Foco em reducao de gordura abdominal'),
(14, 52, 11, '2026-01-24 18:00:00', 82.48, 160, 27.98, 59.40, 34.95, 94.48, 'Aluno com boa aderencia ao plano'),
(15, 71, 5, '2026-05-07 14:45:00', 55.23, 191, 15.85, 46.48, 34.10, 93.46, 'Foco em reducao de gordura abdominal'),
(16, 76, 7, '2026-01-26 15:30:00', 95.66, 189, 24.65, 72.08, 37.11, 110.57, 'Foco em reducao de gordura abdominal'),
(17, 124, 5, '2026-03-25 14:45:00', 98.10, 192, 22.60, 75.93, 30.13, 86.07, 'Recomendado ajuste de treino e dieta'),
(18, 59, 7, '2026-04-12 15:00:00', 67.41, 171, 14.05, 57.94, 36.78, 104.49, 'Evolucao dentro do esperado'),
(19, 46, 7, '2026-03-12 10:30:00', 102.36, 166, 27.03, 74.69, 40.56, 90.96, 'Recomendado ajuste de treino e dieta'),
(20, 61, 11, '2026-02-28 11:15:00', 65.14, 169, 17.49, 53.75, 35.90, 76.55, 'Evolucao dentro do esperado'),
(21, 31, 5, '2026-06-22 14:00:00', 102.90, 189, 30.66, 71.35, 31.94, 83.25, 'Foco em reducao de gordura abdominal'),
(22, 71, 7, '2026-02-25 15:30:00', 66.10, 180, 24.69, 49.78, 26.87, 103.57, 'Manter acompanhamento mensal'),
(23, 9, 11, '2026-03-13 20:15:00', 103.83, 184, 27.36, 75.42, 33.36, 98.95, 'Evolucao dentro do esperado'),
(24, 54, 7, '2026-05-04 12:30:00', 98.09, 194, 16.12, 82.28, 30.21, 81.32, 'Foco em reducao de gordura abdominal'),
(25, 88, 7, '2026-02-16 13:15:00', 90.04, 181, 20.19, 71.86, 39.67, 81.74, 'Recomendado ajuste de treino e dieta'),
(26, 34, 11, '2026-06-08 20:00:00', 95.20, 172, 24.22, 72.14, 39.70, 78.23, 'Ganho de massa magra observado'),
(27, 39, 7, '2026-01-06 13:45:00', 104.78, 163, 30.69, 72.62, 34.27, 100.26, 'Manter acompanhamento mensal'),
(28, 77, 7, '2026-05-28 16:00:00', 59.95, 180, 15.59, 50.60, 29.45, 80.68, 'Ganho de massa magra observado'),
(29, 25, 7, '2026-06-11 11:30:00', 83.02, 178, 32.50, 56.04, 30.12, 70.83, 'Evolucao dentro do esperado'),
(30, 90, 11, '2026-05-07 16:15:00', 72.76, 173, 26.81, 53.25, 33.80, 100.93, 'Evolucao dentro do esperado'),
(31, 98, 11, '2026-03-15 17:15:00', 87.03, 165, 32.43, 58.81, 32.75, 95.72, 'Manter acompanhamento mensal'),
(32, 19, 5, '2026-02-11 10:30:00', 87.65, 175, 27.63, 63.43, 35.69, 86.61, 'Manter acompanhamento mensal'),
(33, 93, 11, '2026-05-17 14:45:00', 64.19, 165, 12.51, 56.16, 37.64, 97.80, 'Ganho de massa magra observado'),
(34, 21, 5, '2026-02-13 08:00:00', 101.84, 159, 22.41, 79.02, 26.86, 102.38, 'Foco em reducao de gordura abdominal'),
(35, 22, 5, '2026-03-20 09:00:00', 70.47, 179, 17.44, 58.18, 30.55, 96.31, 'Recomendado ajuste de treino e dieta'),
(36, 44, 5, '2026-01-22 12:30:00', 78.36, 185, 31.16, 53.94, 40.96, 93.04, 'Recomendado ajuste de treino e dieta'),
(37, 46, 11, '2026-05-15 17:45:00', 86.99, 188, 23.74, 66.34, 40.54, 90.23, 'Recomendado ajuste de treino e dieta'),
(38, 23, 7, '2026-03-12 13:30:00', 70.18, 164, 12.00, 61.76, 39.05, 105.61, 'Aluno com boa aderencia ao plano'),
(39, 74, 7, '2026-05-01 18:45:00', 69.98, 185, 28.85, 49.79, 38.77, 95.07, 'Evolucao dentro do esperado'),
(40, 96, 5, '2026-04-18 13:45:00', 63.16, 170, 28.22, 45.34, 32.24, 85.89, 'Aluno com boa aderencia ao plano'),
(41, 21, 7, '2026-06-08 15:30:00', 87.42, 173, 23.70, 66.70, 30.30, 77.90, 'Evolucao dentro do esperado'),
(42, 47, 5, '2026-03-04 17:45:00', 77.64, 194, 27.41, 56.36, 33.87, 83.47, 'Recomendado ajuste de treino e dieta'),
(43, 13, 11, '2026-01-06 08:30:00', 61.25, 172, 21.65, 47.99, 26.13, 73.79, 'Evolucao dentro do esperado'),
(44, 127, 5, '2026-03-14 11:45:00', 78.18, 178, 29.41, 55.19, 31.28, 105.43, 'Recomendado ajuste de treino e dieta'),
(45, 15, 7, '2026-04-03 15:45:00', 64.61, 166, 30.51, 44.90, 39.08, 104.79, 'Evolucao dentro do esperado'),
(46, 64, 7, '2026-04-08 18:00:00', 78.04, 167, 28.96, 55.44, 34.34, 111.25, 'Manter acompanhamento mensal'),
(47, 100, 11, '2026-03-11 09:00:00', 81.05, 190, 17.57, 66.81, 36.22, 78.35, 'Evolucao dentro do esperado'),
(48, 56, 5, '2026-02-21 13:30:00', 63.37, 155, 18.07, 51.92, 27.91, 103.14, 'Evolucao dentro do esperado'),
(49, 11, 11, '2026-06-16 18:15:00', 93.54, 178, 17.47, 77.20, 34.00, 98.81, 'Aluno com boa aderencia ao plano'),
(50, 16, 5, '2026-03-21 09:00:00', 79.39, 163, 18.97, 64.33, 34.93, 97.08, 'Aluno com boa aderencia ao plano'),
(51, 113, 11, '2026-02-01 18:45:00', 91.22, 177, 17.52, 75.24, 26.63, 99.68, 'Foco em reducao de gordura abdominal'),
(52, 76, 11, '2026-06-16 10:15:00', 72.38, 189, 28.11, 52.03, 30.41, 104.92, 'Foco em reducao de gordura abdominal'),
(53, 42, 5, '2026-05-05 14:30:00', 82.08, 171, 21.99, 64.03, 38.41, 91.25, 'Ganho de massa magra observado'),
(54, 48, 5, '2026-05-28 12:15:00', 91.05, 175, 26.48, 66.94, 34.62, 86.27, 'Foco em reducao de gordura abdominal'),
(55, 128, 11, '2026-02-20 11:30:00', 87.05, 181, 14.43, 74.49, 34.37, 72.80, 'Recomendado ajuste de treino e dieta'),
(56, 46, 5, '2026-02-04 14:15:00', 56.59, 161, 26.12, 41.81, 32.22, 90.58, 'Foco em reducao de gordura abdominal'),
(57, 66, 5, '2026-03-08 16:00:00', 101.51, 155, 16.59, 84.67, 33.86, 107.37, 'Evolucao dentro do esperado'),
(58, 120, 11, '2026-01-12 15:45:00', 94.71, 178, 13.28, 82.13, 35.87, 92.22, 'Ganho de massa magra observado'),
(59, 19, 7, '2026-01-07 15:00:00', 91.26, 161, 23.70, 69.63, 29.03, 92.10, 'Recomendado ajuste de treino e dieta'),
(60, 46, 11, '2026-06-18 13:00:00', 83.83, 195, 26.84, 61.33, 37.24, 87.94, 'Evolucao dentro do esperado'),
(61, 43, 5, '2026-05-13 15:30:00', 81.70, 165, 25.20, 61.11, 40.94, 107.90, 'Foco em reducao de gordura abdominal'),
(62, 84, 7, '2026-04-25 17:45:00', 85.42, 175, 24.39, 64.59, 29.42, 102.16, 'Ganho de massa magra observado'),
(63, 66, 7, '2026-04-15 13:00:00', 104.15, 157, 25.11, 78.00, 34.28, 111.72, 'Aluno com boa aderencia ao plano'),
(64, 2, 7, '2026-02-07 20:30:00', 93.58, 156, 32.75, 62.93, 39.16, 108.60, 'Foco em reducao de gordura abdominal'),
(65, 40, 5, '2026-01-15 12:15:00', 68.25, 163, 31.57, 46.70, 30.00, 80.76, 'Aluno com boa aderencia ao plano'),
(66, 24, 11, '2026-04-19 10:00:00', 94.65, 175, 15.80, 79.70, 39.21, 98.96, 'Foco em reducao de gordura abdominal'),
(67, 25, 11, '2026-06-10 07:45:00', 94.01, 160, 32.28, 63.66, 31.35, 106.95, 'Manter acompanhamento mensal'),
(68, 107, 5, '2026-02-24 17:00:00', 93.87, 195, 20.41, 74.71, 30.88, 71.73, 'Foco em reducao de gordura abdominal'),
(69, 39, 7, '2026-05-23 10:15:00', 88.68, 158, 33.94, 58.58, 41.54, 101.62, 'Foco em reducao de gordura abdominal'),
(70, 130, 5, '2026-02-14 11:45:00', 61.61, 164, 13.82, 53.10, 35.14, 72.07, 'Manter acompanhamento mensal'),
(71, 68, 5, '2026-04-17 13:15:00', 79.05, 163, 16.36, 66.12, 32.33, 94.00, 'Foco em reducao de gordura abdominal'),
(72, 64, 5, '2026-01-09 19:45:00', 89.24, 175, 24.67, 67.22, 27.80, 87.37, 'Aluno com boa aderencia ao plano'),
(73, 90, 5, '2026-03-12 16:00:00', 63.46, 174, 19.69, 50.96, 39.15, 103.72, 'Foco em reducao de gordura abdominal'),
(74, 38, 7, '2026-01-27 10:15:00', 62.80, 178, 28.03, 45.20, 27.37, 101.06, 'Recomendado ajuste de treino e dieta'),
(75, 38, 7, '2026-01-11 18:00:00', 77.50, 174, 12.50, 67.81, 29.34, 92.60, 'Recomendado ajuste de treino e dieta'),
(76, 67, 11, '2026-04-20 18:15:00', 73.83, 156, 31.93, 50.26, 34.43, 80.73, 'Evolucao dentro do esperado'),
(77, 73, 5, '2026-06-20 11:00:00', 87.74, 184, 12.18, 77.05, 32.22, 81.40, 'Ganho de massa magra observado'),
(78, 93, 5, '2026-01-10 20:45:00', 103.99, 169, 23.19, 79.87, 37.36, 107.96, 'Manter acompanhamento mensal'),
(79, 23, 5, '2026-02-17 14:00:00', 67.37, 157, 23.65, 51.44, 31.34, 86.52, 'Recomendado ajuste de treino e dieta'),
(80, 5, 7, '2026-06-12 12:30:00', 104.80, 170, 33.53, 69.66, 30.41, 72.60, 'Aluno com boa aderencia ao plano'),
(81, 100, 5, '2026-05-09 10:15:00', 99.86, 176, 26.45, 73.45, 27.40, 86.05, 'Ganho de massa magra observado'),
(82, 59, 7, '2026-02-19 09:45:00', 100.49, 174, 19.24, 81.16, 34.68, 78.68, 'Recomendado ajuste de treino e dieta'),
(83, 52, 5, '2026-03-23 18:15:00', 104.78, 182, 33.47, 69.71, 28.32, 109.19, 'Recomendado ajuste de treino e dieta'),
(84, 82, 5, '2026-05-18 18:00:00', 70.88, 166, 31.35, 48.66, 37.63, 102.15, 'Manter acompanhamento mensal'),
(85, 106, 7, '2026-04-24 20:30:00', 93.96, 164, 14.35, 80.48, 28.96, 102.02, 'Foco em reducao de gordura abdominal'),
(86, 69, 11, '2026-05-20 10:15:00', 89.37, 169, 19.90, 71.59, 37.01, 90.02, 'Foco em reducao de gordura abdominal'),
(87, 121, 11, '2026-06-12 09:45:00', 78.69, 186, 15.60, 66.41, 29.62, 87.16, 'Evolucao dentro do esperado'),
(88, 70, 7, '2026-02-24 17:15:00', 58.31, 168, 32.40, 39.42, 41.77, 106.42, 'Manter acompanhamento mensal'),
(89, 84, 7, '2026-02-14 13:00:00', 91.77, 193, 20.37, 73.08, 31.01, 95.68, 'Ganho de massa magra observado'),
(90, 10, 11, '2026-01-15 14:00:00', 80.94, 170, 20.70, 64.19, 37.76, 93.42, 'Foco em reducao de gordura abdominal'),
(91, 13, 5, '2026-03-15 13:30:00', 78.07, 173, 21.29, 61.45, 35.81, 72.29, 'Foco em reducao de gordura abdominal'),
(92, 37, 7, '2026-06-15 08:00:00', 93.94, 166, 32.63, 63.29, 37.14, 75.68, 'Manter acompanhamento mensal'),
(93, 83, 7, '2026-01-06 14:15:00', 59.51, 184, 19.13, 48.13, 36.38, 99.88, 'Recomendado ajuste de treino e dieta'),
(94, 32, 5, '2026-01-23 14:30:00', 81.19, 160, 20.45, 64.59, 38.66, 91.49, 'Recomendado ajuste de treino e dieta'),
(95, 97, 11, '2026-04-02 19:15:00', 83.27, 176, 26.51, 61.20, 28.40, 106.49, 'Recomendado ajuste de treino e dieta'),
(96, 14, 7, '2026-03-10 18:45:00', 86.32, 173, 14.59, 73.73, 28.11, 78.52, 'Foco em reducao de gordura abdominal'),
(97, 65, 5, '2026-04-16 20:45:00', 95.37, 189, 25.38, 71.17, 33.90, 79.11, 'Ganho de massa magra observado'),
(98, 122, 7, '2026-04-15 08:00:00', 99.11, 170, 18.12, 81.15, 36.06, 104.45, 'Recomendado ajuste de treino e dieta'),
(99, 13, 5, '2026-02-02 17:30:00', 62.27, 157, 12.71, 54.36, 35.25, 95.34, 'Aluno com boa aderencia ao plano'),
(100, 23, 5, '2026-01-14 09:15:00', 85.55, 173, 27.21, 62.27, 35.52, 103.07, 'Recomendado ajuste de treino e dieta');
SET IDENTITY_INSERT avaliacoes_fisicas OFF;
GO

/* ACESSOS_CATRACA */
SET IDENTITY_INSERT acessos_catraca ON;
INSERT INTO acessos_catraca (id, id_aluno, data_hora_entrada, data_hora_saida, sentido_acesso, tipo_acesso, id_dispositivo_catraca, motivo_bloqueio, foi_liberacao_manual) VALUES
(1, 93, '2026-05-01 18:30:00', '2026-05-01 19:26:00', 'E', 'A', 4, NULL, 0),
(2, 10, '2026-05-01 19:30:00', '2026-05-01 20:51:00', 'E', 'A', 4, NULL, 0),
(3, 24, '2026-05-01 17:20:00', '2026-05-01 18:50:00', 'E', 'A', 1, NULL, 0),
(4, 77, '2026-05-01 18:15:00', '2026-05-01 20:03:00', 'E', 'A', 1, NULL, 0),
(5, 83, '2026-05-01 12:05:00', '2026-05-01 12:50:00', 'E', 'A', 1, NULL, 0),
(6, 83, '2026-05-01 12:07:00', '2026-05-01 12:47:00', 'E', 'V', 3, NULL, 1),
(7, 48, '2026-05-01 20:15:00', '2026-05-01 21:05:00', 'E', 'A', 1, NULL, 0),
(8, 115, '2026-05-01 08:30:00', '2026-05-01 09:40:00', 'E', 'A', 1, NULL, 0),
(9, 49, '2026-05-01 12:20:00', '2026-05-01 13:46:00', 'E', 'A', 1, NULL, 0),
(10, 105, '2026-05-01 12:20:00', '2026-05-01 13:08:00', 'E', 'A', 1, NULL, 0),
(11, 9, '2026-05-01 20:15:00', '2026-05-01 22:00:00', 'E', 'A', 1, NULL, 0),
(12, 98, '2026-05-01 18:45:00', '2026-05-01 20:12:00', 'E', 'A', 4, NULL, 0),
(13, 55, '2026-05-01 19:45:00', '2026-05-01 21:08:00', 'E', 'A', 1, NULL, 0),
(14, 55, '2026-05-01 19:22:00', NULL, 'E', 'A', 1, 'Limite diario de acessos atingido', 0),
(15, 108, '2026-05-01 12:45:00', '2026-05-01 14:15:00', 'E', 'A', 1, NULL, 0),
(16, 71, '2026-05-01 06:15:00', '2026-05-01 07:21:00', 'E', 'A', 4, NULL, 0),
(17, 123, '2026-05-01 19:10:00', '2026-05-01 20:35:00', 'E', 'A', 1, NULL, 0),
(18, 38, '2026-05-01 19:10:00', '2026-05-01 20:52:00', 'E', 'A', 1, NULL, 0),
(19, 61, '2026-05-01 07:45:00', '2026-05-01 08:34:00', 'E', 'A', 1, NULL, 0),
(20, 18, '2026-05-01 06:15:00', '2026-05-01 08:04:00', 'E', 'A', 1, NULL, 0),
(21, 16, '2026-05-01 18:20:00', '2026-05-01 19:44:00', 'E', 'A', 1, NULL, 0),
(22, 89, '2026-05-01 19:20:00', '2026-05-01 20:21:00', 'E', 'A', 1, NULL, 0),
(23, 111, '2026-05-01 18:20:00', '2026-05-01 19:19:00', 'E', 'A', 1, NULL, 0),
(24, 36, '2026-05-01 19:45:00', '2026-05-01 20:41:00', 'E', 'A', 1, NULL, 0),
(25, 43, '2026-05-01 17:30:00', '2026-05-01 18:54:00', 'E', 'A', 1, NULL, 0),
(26, 68, '2026-05-01 19:10:00', '2026-05-01 20:20:00', 'E', 'A', 1, NULL, 0),
(27, 53, '2026-05-01 19:30:00', '2026-05-01 20:30:00', 'E', 'A', 1, NULL, 0),
(28, 109, '2026-05-01 06:20:00', '2026-05-01 08:10:00', 'E', 'A', 1, NULL, 0),
(29, 27, '2026-05-01 12:05:00', '2026-05-01 13:26:00', 'E', 'A', 1, NULL, 0),
(30, 90, '2026-05-01 19:20:00', '2026-05-01 21:01:00', 'E', 'A', 1, NULL, 0),
(31, 106, '2026-05-01 18:00:00', '2026-05-01 19:34:00', 'E', 'A', 1, NULL, 0),
(32, 79, '2026-05-01 18:20:00', '2026-05-01 20:02:00', 'E', 'A', 1, NULL, 0),
(33, 8, '2026-05-01 18:30:00', '2026-05-01 19:25:00', 'E', 'A', 4, NULL, 0),
(34, 14, '2026-05-01 19:30:00', '2026-05-01 21:14:00', 'E', 'A', 1, NULL, 0),
(35, 121, '2026-05-02 07:00:00', '2026-05-02 08:36:00', 'E', 'A', 1, NULL, 0),
(36, 60, '2026-05-02 19:20:00', '2026-05-02 21:04:00', 'E', 'A', 4, NULL, 0),
(37, 58, '2026-05-02 08:05:00', '2026-05-02 09:51:00', 'E', 'A', 4, NULL, 0),
(38, 37, '2026-05-02 18:15:00', '2026-05-02 19:55:00', 'E', 'A', 1, NULL, 0),
(39, 67, '2026-05-02 18:00:00', '2026-05-02 19:47:00', 'E', 'A', 1, NULL, 0),
(40, 117, '2026-05-02 18:45:00', '2026-05-02 20:26:00', 'E', 'A', 1, NULL, 0),
(41, 47, '2026-05-02 18:30:00', '2026-05-02 20:03:00', 'E', 'A', 1, NULL, 0),
(42, 51, '2026-05-02 06:45:00', '2026-05-02 07:47:00', 'E', 'A', 1, NULL, 0),
(43, 24, '2026-05-02 17:10:00', '2026-05-02 18:44:00', 'E', 'A', 4, NULL, 0),
(44, 90, '2026-05-02 12:20:00', '2026-05-02 13:43:00', 'E', 'A', 4, NULL, 0),
(45, 118, '2026-05-02 20:20:00', '2026-05-02 21:06:00', 'E', 'A', 4, NULL, 0),
(46, 86, '2026-05-02 06:20:00', '2026-05-02 07:11:00', 'E', 'A', 1, NULL, 0),
(47, 43, '2026-05-02 12:45:00', '2026-05-02 14:06:00', 'E', 'A', 1, NULL, 0),
(48, 101, '2026-05-02 12:10:00', '2026-05-02 13:43:00', 'E', 'A', 4, NULL, 0),
(49, 111, '2026-05-02 18:15:00', '2026-05-02 19:17:00', 'E', 'A', 1, NULL, 0),
(50, 113, '2026-05-02 12:15:00', '2026-05-02 13:19:00', 'E', 'A', 1, NULL, 0),
(51, 42, '2026-05-02 07:00:00', '2026-05-02 07:47:00', 'E', 'A', 1, NULL, 0),
(52, 59, '2026-05-02 17:05:00', '2026-05-02 18:00:00', 'E', 'A', 1, NULL, 0),
(53, 63, '2026-05-02 17:45:00', '2026-05-02 19:24:00', 'E', 'A', 1, NULL, 0),
(54, 4, '2026-05-02 19:15:00', '2026-05-02 20:45:00', 'E', 'A', 1, NULL, 0),
(55, 9, '2026-05-02 18:45:00', '2026-05-02 20:00:00', 'E', 'A', 1, NULL, 0),
(56, 61, '2026-05-02 12:00:00', '2026-05-02 13:46:00', 'E', 'A', 1, NULL, 0),
(57, 15, '2026-05-02 18:05:00', '2026-05-02 19:25:00', 'E', 'A', 4, NULL, 0),
(58, 45, '2026-05-02 18:05:00', '2026-05-02 19:50:00', 'E', 'A', 1, NULL, 0),
(59, 62, '2026-05-02 18:20:00', '2026-05-02 19:11:00', 'E', 'A', 1, NULL, 0),
(60, 62, '2026-05-02 18:01:00', NULL, 'E', 'A', 1, 'Limite diario de acessos atingido', 0),
(61, 131, '2026-05-02 19:20:00', '2026-05-02 20:47:00', 'E', 'A', 4, NULL, 0),
(62, 22, '2026-05-02 12:05:00', '2026-05-02 12:54:00', 'E', 'A', 1, NULL, 0),
(63, 129, '2026-05-02 06:15:00', '2026-05-02 07:21:00', 'E', 'A', 1, NULL, 0),
(64, 99, '2026-05-02 18:00:00', '2026-05-02 19:21:00', 'E', 'A', 4, NULL, 0),
(65, 109, '2026-05-02 19:10:00', '2026-05-02 20:27:00', 'E', 'A', 1, NULL, 0),
(66, 78, '2026-05-02 08:30:00', '2026-05-02 09:29:00', 'E', 'A', 1, NULL, 0),
(67, 74, '2026-05-02 18:10:00', '2026-05-02 19:17:00', 'E', 'A', 1, NULL, 0),
(68, 47, '2026-05-03 19:05:00', '2026-05-03 20:46:00', 'E', 'A', 1, NULL, 0),
(69, 9, '2026-05-03 12:30:00', '2026-05-03 13:48:00', 'E', 'A', 1, NULL, 0),
(70, 88, '2026-05-03 17:15:00', '2026-05-03 18:29:00', 'E', 'A', 4, NULL, 0),
(71, 22, '2026-05-03 08:20:00', '2026-05-03 10:00:00', 'E', 'A', 1, NULL, 0),
(72, 38, '2026-05-03 12:10:00', '2026-05-03 13:00:00', 'E', 'A', 1, NULL, 0),
(73, 40, '2026-05-03 20:15:00', '2026-05-03 21:34:00', 'E', 'A', 1, NULL, 0),
(74, 127, '2026-05-03 08:20:00', '2026-05-03 09:55:00', 'E', 'A', 4, NULL, 0),
(75, 106, '2026-05-03 18:20:00', '2026-05-03 19:29:00', 'E', 'A', 1, NULL, 0),
(76, 3, '2026-05-04 18:00:00', '2026-05-04 18:56:00', 'E', 'A', 1, NULL, 0),
(77, 132, '2026-05-04 18:45:00', '2026-05-04 19:53:00', 'E', 'A', 1, NULL, 0),
(78, 18, '2026-05-04 17:00:00', '2026-05-04 18:43:00', 'E', 'A', 1, NULL, 0),
(79, 4, '2026-05-04 18:45:00', '2026-05-04 20:11:00', 'E', 'A', 1, NULL, 0),
(80, 106, '2026-05-04 19:15:00', '2026-05-04 20:49:00', 'E', 'A', 1, NULL, 0),
(81, 13, '2026-05-04 19:05:00', '2026-05-04 20:46:00', 'E', 'A', 1, NULL, 0),
(82, 68, '2026-05-04 18:05:00', '2026-05-04 19:52:00', 'E', 'A', 1, NULL, 0),
(83, 14, '2026-05-04 08:30:00', '2026-05-04 09:28:00', 'E', 'A', 4, NULL, 0),
(84, 88, '2026-05-04 06:20:00', '2026-05-04 07:37:00', 'E', 'A', 4, NULL, 0),
(85, 88, '2026-05-04 06:28:00', '2026-05-04 07:35:00', 'E', 'V', 3, NULL, 1),
(86, 58, '2026-05-04 06:00:00', '2026-05-04 07:34:00', 'E', 'A', 1, NULL, 0),
(87, 45, '2026-05-04 12:00:00', '2026-05-04 13:50:00', 'E', 'A', 4, NULL, 0),
(88, 29, '2026-05-04 18:45:00', '2026-05-04 19:38:00', 'E', 'A', 1, NULL, 0),
(89, 29, '2026-05-04 18:53:00', '2026-05-04 19:37:00', 'E', 'V', 3, NULL, 1),
(90, 93, '2026-05-04 20:10:00', '2026-05-04 21:37:00', 'E', 'A', 1, NULL, 0),
(91, 37, '2026-05-04 20:00:00', '2026-05-04 21:31:00', 'E', 'A', 1, NULL, 0),
(92, 33, '2026-05-04 19:30:00', '2026-05-04 20:40:00', 'E', 'A', 1, NULL, 0),
(93, 25, '2026-05-04 18:10:00', '2026-05-04 19:44:00', 'E', 'A', 1, NULL, 0),
(94, 5, '2026-05-04 06:30:00', '2026-05-04 08:11:00', 'E', 'A', 1, NULL, 0),
(95, 129, '2026-05-04 18:20:00', '2026-05-04 19:35:00', 'E', 'A', 4, NULL, 0),
(96, 80, '2026-05-04 18:15:00', '2026-05-04 19:57:00', 'E', 'A', 1, NULL, 0),
(97, 80, '2026-05-04 18:16:00', '2026-05-04 19:52:00', 'E', 'V', 3, NULL, 1),
(98, 12, '2026-05-04 06:00:00', '2026-05-04 07:12:00', 'E', 'A', 4, NULL, 0),
(99, 8, '2026-05-04 17:30:00', '2026-05-04 18:44:00', 'E', 'A', 1, NULL, 0),
(100, 8, '2026-05-04 17:33:00', '2026-05-04 18:37:00', 'E', 'V', 3, NULL, 1),
(101, 77, '2026-05-04 17:20:00', '2026-05-04 18:10:00', 'E', 'A', 1, NULL, 0),
(102, 85, '2026-05-04 07:00:00', '2026-05-04 08:24:00', 'E', 'A', 1, NULL, 0),
(103, 107, '2026-05-04 18:45:00', '2026-05-04 19:43:00', 'E', 'A', 1, NULL, 0),
(104, 28, '2026-05-04 08:45:00', '2026-05-04 09:55:00', 'E', 'A', 4, NULL, 0),
(105, 111, '2026-05-04 18:15:00', '2026-05-04 19:41:00', 'E', 'A', 1, NULL, 0),
(106, 82, '2026-05-04 07:45:00', '2026-05-04 08:57:00', 'E', 'A', 1, NULL, 0),
(107, 16, '2026-05-04 07:05:00', '2026-05-04 08:43:00', 'E', 'A', 1, NULL, 0),
(108, 63, '2026-05-05 17:15:00', '2026-05-05 18:30:00', 'E', 'A', 1, NULL, 0),
(109, 11, '2026-05-05 07:15:00', '2026-05-05 08:11:00', 'E', 'A', 1, NULL, 0),
(110, 11, '2026-05-05 07:03:00', NULL, 'E', 'A', 1, 'Fatura pendente', 0),
(111, 35, '2026-05-05 07:20:00', '2026-05-05 08:17:00', 'E', 'A', 1, NULL, 0),
(112, 26, '2026-05-05 17:15:00', '2026-05-05 18:26:00', 'E', 'A', 1, NULL, 0),
(113, 97, '2026-05-05 07:45:00', '2026-05-05 09:30:00', 'E', 'A', 4, NULL, 0),
(114, 100, '2026-05-05 06:30:00', '2026-05-05 08:01:00', 'E', 'A', 1, NULL, 0),
(115, 21, '2026-05-05 18:45:00', '2026-05-05 20:28:00', 'E', 'A', 1, NULL, 0),
(116, 3, '2026-05-05 17:05:00', '2026-05-05 17:53:00', 'E', 'A', 4, NULL, 0),
(117, 113, '2026-05-05 08:15:00', '2026-05-05 09:41:00', 'E', 'A', 4, NULL, 0),
(118, 132, '2026-05-05 12:45:00', '2026-05-05 13:44:00', 'E', 'A', 1, NULL, 0),
(119, 131, '2026-05-05 17:05:00', '2026-05-05 18:38:00', 'E', 'A', 1, NULL, 0),
(120, 1, '2026-05-05 06:15:00', '2026-05-05 07:18:00', 'E', 'A', 1, NULL, 0),
(121, 121, '2026-05-05 12:05:00', '2026-05-05 13:48:00', 'E', 'A', 1, NULL, 0),
(122, 23, '2026-05-05 08:05:00', '2026-05-05 08:54:00', 'E', 'A', 1, NULL, 0),
(123, 12, '2026-05-05 17:15:00', '2026-05-05 18:21:00', 'E', 'A', 1, NULL, 0),
(124, 91, '2026-05-05 07:45:00', '2026-05-05 08:51:00', 'E', 'A', 1, NULL, 0),
(125, 84, '2026-05-05 17:05:00', '2026-05-05 18:50:00', 'E', 'A', 4, NULL, 0),
(126, 76, '2026-05-05 18:05:00', '2026-05-05 19:21:00', 'E', 'A', 1, NULL, 0),
(127, 114, '2026-05-05 20:05:00', '2026-05-05 20:50:00', 'E', 'A', 4, NULL, 0),
(128, 37, '2026-05-05 17:45:00', '2026-05-05 19:34:00', 'E', 'A', 1, NULL, 0),
(129, 54, '2026-05-05 19:30:00', '2026-05-05 20:27:00', 'E', 'A', 4, NULL, 0),
(130, 89, '2026-05-05 19:30:00', '2026-05-05 21:07:00', 'E', 'A', 1, NULL, 0),
(131, 104, '2026-05-05 18:00:00', '2026-05-05 18:47:00', 'E', 'A', 4, NULL, 0),
(132, 102, '2026-05-05 17:20:00', '2026-05-05 18:08:00', 'E', 'A', 4, NULL, 0),
(133, 99, '2026-05-05 18:05:00', '2026-05-05 19:37:00', 'E', 'A', 4, NULL, 0),
(134, 99, '2026-05-05 17:40:00', NULL, 'E', 'A', 1, 'Fatura pendente', 0),
(135, 61, '2026-05-05 12:30:00', '2026-05-05 13:57:00', 'E', 'A', 1, NULL, 0),
(136, 111, '2026-05-05 18:20:00', '2026-05-05 19:31:00', 'E', 'A', 1, NULL, 0),
(137, 17, '2026-05-05 20:20:00', '2026-05-05 21:51:00', 'E', 'A', 1, NULL, 0),
(138, 27, '2026-05-05 18:10:00', '2026-05-05 19:41:00', 'E', 'A', 1, NULL, 0),
(139, 19, '2026-05-05 18:45:00', '2026-05-05 19:56:00', 'E', 'A', 1, NULL, 0),
(140, 82, '2026-05-05 07:15:00', '2026-05-05 08:26:00', 'E', 'A', 1, NULL, 0),
(141, 130, '2026-05-05 17:15:00', '2026-05-05 18:35:00', 'E', 'A', 1, NULL, 0),
(142, 129, '2026-05-06 17:30:00', '2026-05-06 18:17:00', 'E', 'A', 1, NULL, 0),
(143, 32, '2026-05-06 20:15:00', '2026-05-06 21:44:00', 'E', 'A', 4, NULL, 0),
(144, 121, '2026-05-06 12:00:00', '2026-05-06 12:47:00', 'E', 'A', 1, NULL, 0),
(145, 75, '2026-05-06 12:20:00', '2026-05-06 13:48:00', 'E', 'A', 1, NULL, 0),
(146, 116, '2026-05-06 17:20:00', '2026-05-06 19:01:00', 'E', 'A', 4, NULL, 0),
(147, 80, '2026-05-06 19:05:00', '2026-05-06 20:23:00', 'E', 'A', 1, NULL, 0),
(148, 48, '2026-05-06 19:00:00', '2026-05-06 20:03:00', 'E', 'A', 1, NULL, 0),
(149, 103, '2026-05-06 18:05:00', '2026-05-06 19:26:00', 'E', 'A', 1, NULL, 0),
(150, 87, '2026-05-06 18:30:00', '2026-05-06 19:34:00', 'E', 'A', 1, NULL, 0),
(151, 122, '2026-05-06 12:05:00', '2026-05-06 13:46:00', 'E', 'A', 1, NULL, 0),
(152, 89, '2026-05-06 18:30:00', '2026-05-06 19:55:00', 'E', 'A', 1, NULL, 0),
(153, 104, '2026-05-06 20:20:00', '2026-05-06 21:43:00', 'E', 'A', 1, NULL, 0),
(154, 114, '2026-05-06 17:05:00', '2026-05-06 18:48:00', 'E', 'A', 1, NULL, 0),
(155, 9, '2026-05-06 18:20:00', '2026-05-06 19:47:00', 'E', 'A', 1, NULL, 0),
(156, 25, '2026-05-06 20:20:00', '2026-05-06 21:23:00', 'E', 'A', 4, NULL, 0),
(157, 115, '2026-05-06 17:00:00', '2026-05-06 18:02:00', 'E', 'A', 1, NULL, 0),
(158, 120, '2026-05-06 19:15:00', '2026-05-06 20:45:00', 'E', 'A', 1, NULL, 0),
(159, 59, '2026-05-06 07:20:00', '2026-05-06 08:33:00', 'E', 'A', 1, NULL, 0),
(160, 12, '2026-05-06 19:30:00', '2026-05-06 20:26:00', 'E', 'A', 4, NULL, 0),
(161, 11, '2026-05-06 18:00:00', '2026-05-06 19:31:00', 'E', 'A', 4, NULL, 0),
(162, 51, '2026-05-06 12:10:00', '2026-05-06 12:56:00', 'E', 'A', 1, NULL, 0),
(163, 23, '2026-05-06 17:20:00', '2026-05-06 18:16:00', 'E', 'A', 1, NULL, 0),
(164, 37, '2026-05-06 20:45:00', '2026-05-06 22:26:00', 'E', 'A', 1, NULL, 0),
(165, 10, '2026-05-06 19:30:00', '2026-05-06 21:08:00', 'E', 'A', 1, NULL, 0),
(166, 14, '2026-05-06 07:10:00', '2026-05-06 08:55:00', 'E', 'A', 1, NULL, 0),
(167, 22, '2026-05-06 19:00:00', '2026-05-06 19:45:00', 'E', 'A', 4, NULL, 0),
(168, 36, '2026-05-06 07:15:00', '2026-05-06 08:17:00', 'E', 'A', 1, NULL, 0),
(169, 15, '2026-05-06 18:00:00', '2026-05-06 19:23:00', 'E', 'A', 1, NULL, 0),
(170, 90, '2026-05-06 08:45:00', '2026-05-06 09:30:00', 'E', 'A', 1, NULL, 0),
(171, 19, '2026-05-06 19:15:00', '2026-05-06 20:15:00', 'E', 'A', 1, NULL, 0),
(172, 64, '2026-05-06 18:05:00', '2026-05-06 18:53:00', 'E', 'A', 1, NULL, 0),
(173, 20, '2026-05-06 20:20:00', '2026-05-06 21:51:00', 'E', 'A', 4, NULL, 0),
(174, 27, '2026-05-06 18:15:00', '2026-05-06 19:15:00', 'E', 'A', 1, NULL, 0),
(175, 42, '2026-05-07 18:45:00', '2026-05-07 19:42:00', 'E', 'A', 1, NULL, 0),
(176, 15, '2026-05-07 19:30:00', '2026-05-07 20:53:00', 'E', 'A', 1, NULL, 0),
(177, 38, '2026-05-07 06:20:00', '2026-05-07 07:50:00', 'E', 'A', 1, NULL, 0),
(178, 38, '2026-05-07 06:25:00', '2026-05-07 07:45:00', 'E', 'V', 3, NULL, 1),
(179, 82, '2026-05-07 17:05:00', '2026-05-07 18:03:00', 'E', 'A', 1, NULL, 0),
(180, 119, '2026-05-07 07:20:00', '2026-05-07 08:19:00', 'E', 'A', 4, NULL, 0),
(181, 113, '2026-05-07 19:00:00', '2026-05-07 20:46:00', 'E', 'A', 1, NULL, 0),
(182, 89, '2026-05-07 19:20:00', '2026-05-07 20:48:00', 'E', 'A', 1, NULL, 0),
(183, 18, '2026-05-07 19:05:00', '2026-05-07 20:06:00', 'E', 'A', 1, NULL, 0),
(184, 46, '2026-05-07 08:00:00', '2026-05-07 09:39:00', 'E', 'A', 1, NULL, 0),
(185, 21, '2026-05-07 19:00:00', '2026-05-07 20:10:00', 'E', 'A', 1, NULL, 0),
(186, 21, '2026-05-07 19:01:00', '2026-05-07 20:03:00', 'E', 'V', 3, NULL, 1),
(187, 7, '2026-05-07 08:00:00', '2026-05-07 09:23:00', 'E', 'A', 1, NULL, 0),
(188, 35, '2026-05-07 20:05:00', '2026-05-07 21:15:00', 'E', 'A', 1, NULL, 0),
(189, 47, '2026-05-07 07:30:00', '2026-05-07 08:50:00', 'E', 'A', 1, NULL, 0),
(190, 54, '2026-05-07 19:20:00', '2026-05-07 20:35:00', 'E', 'A', 1, NULL, 0),
(191, 129, '2026-05-07 06:05:00', '2026-05-07 07:14:00', 'E', 'A', 1, NULL, 0),
(192, 117, '2026-05-07 06:30:00', '2026-05-07 07:27:00', 'E', 'A', 1, NULL, 0),
(193, 124, '2026-05-07 17:30:00', '2026-05-07 18:38:00', 'E', 'A', 4, NULL, 0),
(194, 122, '2026-05-07 19:15:00', '2026-05-07 20:54:00', 'E', 'A', 1, NULL, 0),
(195, 130, '2026-05-07 19:10:00', '2026-05-07 20:10:00', 'E', 'A', 4, NULL, 0),
(196, 114, '2026-05-07 19:30:00', '2026-05-07 20:51:00', 'E', 'A', 1, NULL, 0),
(197, 68, '2026-05-07 12:15:00', '2026-05-07 13:39:00', 'E', 'A', 4, NULL, 0),
(198, 118, '2026-05-07 20:15:00', '2026-05-07 21:24:00', 'E', 'A', 1, NULL, 0),
(199, 10, '2026-05-07 20:10:00', '2026-05-07 21:17:00', 'E', 'A', 1, NULL, 0),
(200, 66, '2026-05-07 07:15:00', '2026-05-07 08:10:00', 'E', 'A', 1, NULL, 0),
(201, 25, '2026-05-07 18:00:00', '2026-05-07 19:06:00', 'E', 'A', 1, NULL, 0),
(202, 99, '2026-05-07 08:45:00', '2026-05-07 10:21:00', 'E', 'A', 1, NULL, 0),
(203, 72, '2026-05-08 18:10:00', '2026-05-08 19:14:00', 'E', 'A', 1, NULL, 0),
(204, 70, '2026-05-08 06:45:00', '2026-05-08 08:33:00', 'E', 'A', 4, NULL, 0),
(205, 103, '2026-05-08 17:10:00', '2026-05-08 18:38:00', 'E', 'A', 1, NULL, 0),
(206, 92, '2026-05-08 17:00:00', '2026-05-08 18:34:00', 'E', 'A', 4, NULL, 0),
(207, 122, '2026-05-08 17:00:00', '2026-05-08 18:07:00', 'E', 'A', 1, NULL, 0),
(208, 86, '2026-05-08 17:10:00', '2026-05-08 18:44:00', 'E', 'A', 4, NULL, 0),
(209, 78, '2026-05-08 17:20:00', '2026-05-08 19:05:00', 'E', 'A', 4, NULL, 0),
(210, 128, '2026-05-08 06:10:00', '2026-05-08 07:58:00', 'E', 'A', 4, NULL, 0),
(211, 52, '2026-05-08 20:10:00', '2026-05-08 21:02:00', 'E', 'A', 1, NULL, 0),
(212, 63, '2026-05-08 12:45:00', '2026-05-08 13:33:00', 'E', 'A', 1, NULL, 0),
(213, 66, '2026-05-08 20:15:00', '2026-05-08 21:44:00', 'E', 'A', 1, NULL, 0),
(214, 36, '2026-05-08 18:20:00', '2026-05-08 19:15:00', 'E', 'A', 1, NULL, 0),
(215, 19, '2026-05-08 07:20:00', '2026-05-08 08:46:00', 'E', 'A', 1, NULL, 0),
(216, 99, '2026-05-08 18:15:00', '2026-05-08 19:34:00', 'E', 'A', 1, NULL, 0),
(217, 59, '2026-05-08 20:15:00', '2026-05-08 21:49:00', 'E', 'A', 1, NULL, 0),
(218, 14, '2026-05-08 07:30:00', '2026-05-08 08:41:00', 'E', 'A', 1, NULL, 0),
(219, 16, '2026-05-08 18:05:00', '2026-05-08 19:28:00', 'E', 'A', 1, NULL, 0),
(220, 33, '2026-05-08 18:45:00', '2026-05-08 19:39:00', 'E', 'A', 1, NULL, 0),
(221, 123, '2026-05-08 20:15:00', '2026-05-08 21:28:00', 'E', 'A', 1, NULL, 0),
(222, 64, '2026-05-08 18:10:00', '2026-05-08 19:03:00', 'E', 'A', 4, NULL, 0),
(223, 30, '2026-05-08 06:45:00', '2026-05-08 08:08:00', 'E', 'A', 1, NULL, 0),
(224, 81, '2026-05-08 08:15:00', '2026-05-08 09:32:00', 'E', 'A', 4, NULL, 0),
(225, 18, '2026-05-08 19:30:00', '2026-05-08 20:38:00', 'E', 'A', 4, NULL, 0),
(226, 4, '2026-05-08 19:15:00', '2026-05-08 20:34:00', 'E', 'A', 4, NULL, 0),
(227, 13, '2026-05-08 06:05:00', '2026-05-08 07:36:00', 'E', 'A', 4, NULL, 0),
(228, 95, '2026-05-08 18:10:00', '2026-05-08 19:50:00', 'E', 'A', 4, NULL, 0),
(229, 7, '2026-05-08 06:05:00', '2026-05-08 07:42:00', 'E', 'A', 1, NULL, 0),
(230, 9, '2026-05-08 08:20:00', '2026-05-08 09:35:00', 'E', 'A', 4, NULL, 0),
(231, 113, '2026-05-08 06:45:00', '2026-05-08 08:09:00', 'E', 'A', 4, NULL, 0),
(232, 87, '2026-05-08 17:00:00', '2026-05-08 18:10:00', 'E', 'A', 1, NULL, 0),
(233, 109, '2026-05-08 19:10:00', '2026-05-08 20:17:00', 'E', 'A', 1, NULL, 0),
(234, 23, '2026-05-08 06:45:00', '2026-05-08 07:40:00', 'E', 'A', 1, NULL, 0),
(235, 49, '2026-05-08 19:15:00', '2026-05-08 20:46:00', 'E', 'A', 1, NULL, 0),
(236, 61, '2026-05-09 08:15:00', '2026-05-09 09:27:00', 'E', 'A', 1, NULL, 0),
(237, 29, '2026-05-09 08:15:00', '2026-05-09 09:32:00', 'E', 'A', 1, NULL, 0),
(238, 129, '2026-05-09 20:10:00', '2026-05-09 21:49:00', 'E', 'A', 4, NULL, 0),
(239, 31, '2026-05-09 19:05:00', '2026-05-09 20:36:00', 'E', 'A', 4, NULL, 0),
(240, 65, '2026-05-09 06:20:00', '2026-05-09 07:09:00', 'E', 'A', 1, NULL, 0),
(241, 64, '2026-05-09 08:20:00', '2026-05-09 09:54:00', 'E', 'A', 1, NULL, 0),
(242, 114, '2026-05-09 19:30:00', '2026-05-09 20:30:00', 'E', 'A', 1, NULL, 0),
(243, 12, '2026-05-09 19:15:00', '2026-05-09 20:32:00', 'E', 'A', 1, NULL, 0),
(244, 130, '2026-05-09 08:05:00', '2026-05-09 09:10:00', 'E', 'A', 4, NULL, 0),
(245, 77, '2026-05-09 19:15:00', '2026-05-09 20:04:00', 'E', 'A', 1, NULL, 0),
(246, 16, '2026-05-09 20:15:00', '2026-05-09 21:52:00', 'E', 'A', 1, NULL, 0),
(247, 99, '2026-05-09 19:45:00', '2026-05-09 20:50:00', 'E', 'A', 1, NULL, 0),
(248, 104, '2026-05-09 18:45:00', '2026-05-09 20:11:00', 'E', 'A', 4, NULL, 0),
(249, 41, '2026-05-09 18:05:00', '2026-05-09 19:46:00', 'E', 'A', 1, NULL, 0),
(250, 41, '2026-05-09 18:09:00', '2026-05-09 19:36:00', 'E', 'V', 3, NULL, 1);
INSERT INTO acessos_catraca (id, id_aluno, data_hora_entrada, data_hora_saida, sentido_acesso, tipo_acesso, id_dispositivo_catraca, motivo_bloqueio, foi_liberacao_manual) VALUES
(251, 43, '2026-05-09 18:00:00', '2026-05-09 19:05:00', 'E', 'A', 1, NULL, 0),
(252, 107, '2026-05-09 19:45:00', '2026-05-09 20:46:00', 'E', 'A', 4, NULL, 0),
(253, 75, '2026-05-09 17:30:00', '2026-05-09 18:32:00', 'E', 'A', 1, NULL, 0),
(254, 95, '2026-05-09 12:10:00', '2026-05-09 13:20:00', 'E', 'A', 1, NULL, 0),
(255, 50, '2026-05-09 19:45:00', '2026-05-09 20:58:00', 'E', 'A', 1, NULL, 0),
(256, 120, '2026-05-09 18:30:00', '2026-05-09 19:44:00', 'E', 'A', 1, NULL, 0),
(257, 96, '2026-05-09 18:05:00', '2026-05-09 18:56:00', 'E', 'A', 4, NULL, 0),
(258, 112, '2026-05-09 07:10:00', '2026-05-09 08:16:00', 'E', 'A', 1, NULL, 0),
(259, 112, '2026-05-09 07:17:00', '2026-05-09 08:09:00', 'E', 'V', 3, NULL, 1),
(260, 127, '2026-05-10 07:45:00', '2026-05-10 08:56:00', 'E', 'A', 1, NULL, 0),
(261, 31, '2026-05-10 18:15:00', '2026-05-10 19:23:00', 'E', 'A', 4, NULL, 0),
(262, 58, '2026-05-10 20:05:00', '2026-05-10 21:47:00', 'E', 'A', 1, NULL, 0),
(263, 53, '2026-05-10 17:00:00', '2026-05-10 18:45:00', 'E', 'A', 1, NULL, 0),
(264, 49, '2026-05-10 12:05:00', '2026-05-10 13:39:00', 'E', 'A', 4, NULL, 0),
(265, 69, '2026-05-10 06:00:00', '2026-05-10 06:51:00', 'E', 'A', 1, NULL, 0),
(266, 74, '2026-05-10 12:20:00', '2026-05-10 13:10:00', 'E', 'A', 1, NULL, 0),
(267, 98, '2026-05-10 12:15:00', '2026-05-10 13:47:00', 'E', 'A', 1, NULL, 0),
(268, 67, '2026-05-11 19:15:00', '2026-05-11 20:36:00', 'E', 'A', 1, NULL, 0),
(269, 44, '2026-05-11 08:10:00', '2026-05-11 09:50:00', 'E', 'A', 1, NULL, 0),
(270, 129, '2026-05-11 19:05:00', '2026-05-11 20:46:00', 'E', 'A', 1, NULL, 0),
(271, 127, '2026-05-11 07:15:00', '2026-05-11 08:33:00', 'E', 'A', 1, NULL, 0),
(272, 87, '2026-05-11 20:15:00', '2026-05-11 21:05:00', 'E', 'A', 4, NULL, 0),
(273, 113, '2026-05-11 17:15:00', '2026-05-11 18:14:00', 'E', 'A', 1, NULL, 0),
(274, 60, '2026-05-11 19:05:00', '2026-05-11 20:11:00', 'E', 'A', 1, NULL, 0),
(275, 17, '2026-05-11 08:00:00', '2026-05-11 09:08:00', 'E', 'A', 4, NULL, 0),
(276, 12, '2026-05-11 17:00:00', '2026-05-11 18:27:00', 'E', 'A', 1, NULL, 0),
(277, 41, '2026-05-11 07:10:00', '2026-05-11 08:08:00', 'E', 'A', 1, NULL, 0),
(278, 91, '2026-05-11 19:30:00', '2026-05-11 21:16:00', 'E', 'A', 4, NULL, 0),
(279, 68, '2026-05-11 18:10:00', '2026-05-11 19:00:00', 'E', 'A', 4, NULL, 0),
(280, 56, '2026-05-11 18:45:00', '2026-05-11 19:46:00', 'E', 'A', 1, NULL, 0),
(281, 19, '2026-05-11 12:45:00', '2026-05-11 13:37:00', 'E', 'A', 1, NULL, 0),
(282, 34, '2026-05-11 06:10:00', '2026-05-11 07:17:00', 'E', 'A', 1, NULL, 0),
(283, 15, '2026-05-11 06:45:00', '2026-05-11 07:56:00', 'E', 'A', 1, NULL, 0),
(284, 123, '2026-05-11 18:30:00', '2026-05-11 19:34:00', 'E', 'A', 1, NULL, 0),
(285, 6, '2026-05-11 18:10:00', '2026-05-11 19:11:00', 'E', 'A', 1, NULL, 0),
(286, 125, '2026-05-11 17:15:00', '2026-05-11 18:57:00', 'E', 'A', 4, NULL, 0),
(287, 64, '2026-05-11 17:45:00', '2026-05-11 19:24:00', 'E', 'A', 1, NULL, 0),
(288, 112, '2026-05-11 17:00:00', '2026-05-11 18:50:00', 'E', 'A', 1, NULL, 0),
(289, 107, '2026-05-11 18:30:00', '2026-05-11 19:34:00', 'E', 'A', 4, NULL, 0),
(290, 36, '2026-05-11 06:15:00', '2026-05-11 07:55:00', 'E', 'A', 1, NULL, 0),
(291, 33, '2026-05-12 08:10:00', '2026-05-12 09:05:00', 'E', 'A', 1, NULL, 0),
(292, 77, '2026-05-12 07:05:00', '2026-05-12 08:40:00', 'E', 'A', 1, NULL, 0),
(293, 64, '2026-05-12 12:20:00', '2026-05-12 14:03:00', 'E', 'A', 4, NULL, 0),
(294, 110, '2026-05-12 20:45:00', '2026-05-12 21:53:00', 'E', 'A', 1, NULL, 0),
(295, 76, '2026-05-12 18:45:00', '2026-05-12 19:43:00', 'E', 'A', 4, NULL, 0),
(296, 76, '2026-05-12 18:37:00', NULL, 'E', 'A', 1, 'Fatura pendente', 0),
(297, 73, '2026-05-12 07:15:00', '2026-05-12 08:58:00', 'E', 'A', 4, NULL, 0),
(298, 7, '2026-05-12 18:15:00', '2026-05-12 19:38:00', 'E', 'A', 1, NULL, 0),
(299, 71, '2026-05-12 18:45:00', '2026-05-12 20:08:00', 'E', 'A', 1, NULL, 0),
(300, 71, '2026-05-12 18:37:00', NULL, 'E', 'A', 1, 'Fatura pendente', 0),
(301, 10, '2026-05-12 18:05:00', '2026-05-12 18:53:00', 'E', 'A', 1, NULL, 0),
(302, 118, '2026-05-12 08:45:00', '2026-05-12 09:54:00', 'E', 'A', 1, NULL, 0),
(303, 6, '2026-05-12 17:00:00', '2026-05-12 17:59:00', 'E', 'A', 1, NULL, 0),
(304, 66, '2026-05-12 17:15:00', '2026-05-12 19:00:00', 'E', 'A', 1, NULL, 0),
(305, 14, '2026-05-12 08:20:00', '2026-05-12 09:55:00', 'E', 'A', 1, NULL, 0),
(306, 121, '2026-05-12 19:15:00', '2026-05-12 20:53:00', 'E', 'A', 4, NULL, 0),
(307, 55, '2026-05-12 18:10:00', '2026-05-12 18:59:00', 'E', 'A', 4, NULL, 0),
(308, 53, '2026-05-12 18:30:00', '2026-05-12 20:17:00', 'E', 'A', 1, NULL, 0),
(309, 13, '2026-05-12 17:10:00', '2026-05-12 18:03:00', 'E', 'A', 1, NULL, 0),
(310, 60, '2026-05-12 17:15:00', '2026-05-12 18:44:00', 'E', 'A', 4, NULL, 0),
(311, 60, '2026-05-12 17:01:00', NULL, 'E', 'A', 1, 'Limite diario de acessos atingido', 0),
(312, 85, '2026-05-12 07:10:00', '2026-05-12 08:51:00', 'E', 'A', 1, NULL, 0),
(313, 93, '2026-05-12 18:20:00', '2026-05-12 20:04:00', 'E', 'A', 1, NULL, 0),
(314, 127, '2026-05-12 12:15:00', '2026-05-12 13:46:00', 'E', 'A', 4, NULL, 0),
(315, 105, '2026-05-12 18:10:00', '2026-05-12 19:06:00', 'E', 'A', 4, NULL, 0),
(316, 26, '2026-05-13 19:45:00', '2026-05-13 20:35:00', 'E', 'A', 1, NULL, 0),
(317, 107, '2026-05-13 19:20:00', '2026-05-13 20:18:00', 'E', 'A', 1, NULL, 0),
(318, 127, '2026-05-13 17:45:00', '2026-05-13 18:44:00', 'E', 'A', 1, NULL, 0),
(319, 78, '2026-05-13 19:00:00', '2026-05-13 19:50:00', 'E', 'A', 1, NULL, 0),
(320, 61, '2026-05-13 08:10:00', '2026-05-13 09:15:00', 'E', 'A', 1, NULL, 0),
(321, 27, '2026-05-13 17:45:00', '2026-05-13 18:42:00', 'E', 'A', 1, NULL, 0),
(322, 72, '2026-05-13 07:45:00', '2026-05-13 08:55:00', 'E', 'A', 4, NULL, 0),
(323, 7, '2026-05-13 06:45:00', '2026-05-13 08:30:00', 'E', 'A', 1, NULL, 0),
(324, 3, '2026-05-13 08:30:00', '2026-05-13 10:08:00', 'E', 'A', 1, NULL, 0),
(325, 46, '2026-05-13 19:20:00', '2026-05-13 20:58:00', 'E', 'A', 1, NULL, 0),
(326, 113, '2026-05-13 19:15:00', '2026-05-13 20:46:00', 'E', 'A', 1, NULL, 0),
(327, 34, '2026-05-13 18:20:00', '2026-05-13 19:13:00', 'E', 'A', 1, NULL, 0),
(328, 123, '2026-05-13 19:15:00', '2026-05-13 20:07:00', 'E', 'A', 4, NULL, 0),
(329, 87, '2026-05-13 18:20:00', '2026-05-13 19:12:00', 'E', 'A', 1, NULL, 0),
(330, 21, '2026-05-13 18:45:00', '2026-05-13 20:08:00', 'E', 'A', 1, NULL, 0),
(331, 21, '2026-05-13 18:32:00', NULL, 'E', 'A', 1, 'Limite diario de acessos atingido', 0),
(332, 23, '2026-05-13 18:05:00', '2026-05-13 19:41:00', 'E', 'A', 4, NULL, 0),
(333, 106, '2026-05-13 18:20:00', '2026-05-13 20:01:00', 'E', 'A', 1, NULL, 0),
(334, 111, '2026-05-13 17:05:00', '2026-05-13 18:28:00', 'E', 'A', 1, NULL, 0),
(335, 111, '2026-05-13 17:11:00', '2026-05-13 18:22:00', 'E', 'V', 3, NULL, 1),
(336, 65, '2026-05-13 19:05:00', '2026-05-13 20:26:00', 'E', 'A', 1, NULL, 0),
(337, 5, '2026-05-13 17:45:00', '2026-05-13 18:50:00', 'E', 'A', 1, NULL, 0),
(338, 5, '2026-05-13 17:50:00', '2026-05-13 18:47:00', 'E', 'V', 3, NULL, 1),
(339, 104, '2026-05-13 12:15:00', '2026-05-13 14:04:00', 'E', 'A', 1, NULL, 0),
(340, 9, '2026-05-13 08:20:00', '2026-05-13 09:50:00', 'E', 'A', 1, NULL, 0),
(341, 44, '2026-05-13 07:10:00', '2026-05-13 07:55:00', 'E', 'A', 4, NULL, 0),
(342, 56, '2026-05-13 19:20:00', '2026-05-13 20:34:00', 'E', 'A', 1, NULL, 0),
(343, 15, '2026-05-13 19:20:00', '2026-05-13 20:22:00', 'E', 'A', 4, NULL, 0),
(344, 80, '2026-05-13 12:20:00', '2026-05-13 13:29:00', 'E', 'A', 1, NULL, 0),
(345, 30, '2026-05-13 17:15:00', '2026-05-13 18:10:00', 'E', 'A', 1, NULL, 0),
(346, 16, '2026-05-13 17:15:00', '2026-05-13 18:09:00', 'E', 'A', 1, NULL, 0),
(347, 126, '2026-05-13 18:45:00', '2026-05-13 20:20:00', 'E', 'A', 1, NULL, 0),
(348, 29, '2026-05-13 20:30:00', '2026-05-13 22:17:00', 'E', 'A', 4, NULL, 0),
(349, 63, '2026-05-13 07:30:00', '2026-05-13 09:13:00', 'E', 'A', 1, NULL, 0),
(350, 121, '2026-05-13 17:30:00', '2026-05-13 18:42:00', 'E', 'A', 4, NULL, 0),
(351, 110, '2026-05-13 20:10:00', '2026-05-13 21:10:00', 'E', 'A', 4, NULL, 0),
(352, 11, '2026-05-14 18:00:00', '2026-05-14 18:50:00', 'E', 'A', 4, NULL, 0),
(353, 40, '2026-05-14 17:10:00', '2026-05-14 18:43:00', 'E', 'A', 4, NULL, 0),
(354, 31, '2026-05-14 07:05:00', '2026-05-14 08:54:00', 'E', 'A', 4, NULL, 0),
(355, 96, '2026-05-14 07:30:00', '2026-05-14 08:56:00', 'E', 'A', 1, NULL, 0),
(356, 79, '2026-05-14 17:05:00', '2026-05-14 18:40:00', 'E', 'A', 1, NULL, 0),
(357, 127, '2026-05-14 19:30:00', '2026-05-14 20:50:00', 'E', 'A', 1, NULL, 0),
(358, 48, '2026-05-14 18:45:00', '2026-05-14 20:09:00', 'E', 'A', 1, NULL, 0),
(359, 39, '2026-05-14 20:20:00', '2026-05-14 21:11:00', 'E', 'A', 1, NULL, 0),
(360, 38, '2026-05-14 06:30:00', '2026-05-14 07:38:00', 'E', 'A', 1, NULL, 0),
(361, 63, '2026-05-14 19:45:00', '2026-05-14 21:26:00', 'E', 'A', 1, NULL, 0),
(362, 4, '2026-05-14 17:00:00', '2026-05-14 18:47:00', 'E', 'A', 1, NULL, 0),
(363, 102, '2026-05-14 06:20:00', '2026-05-14 07:45:00', 'E', 'A', 4, NULL, 0),
(364, 19, '2026-05-14 06:05:00', '2026-05-14 07:26:00', 'E', 'A', 1, NULL, 0),
(365, 120, '2026-05-14 07:15:00', '2026-05-14 08:21:00', 'E', 'A', 1, NULL, 0),
(366, 101, '2026-05-14 06:00:00', '2026-05-14 07:23:00', 'E', 'A', 4, NULL, 0),
(367, 76, '2026-05-14 19:10:00', '2026-05-14 20:43:00', 'E', 'A', 1, NULL, 0),
(368, 54, '2026-05-14 18:05:00', '2026-05-14 19:53:00', 'E', 'A', 4, NULL, 0),
(369, 7, '2026-05-14 12:20:00', '2026-05-14 13:57:00', 'E', 'A', 1, NULL, 0),
(370, 131, '2026-05-14 08:00:00', '2026-05-14 09:19:00', 'E', 'A', 1, NULL, 0),
(371, 37, '2026-05-14 19:10:00', '2026-05-14 20:47:00', 'E', 'A', 4, NULL, 0),
(372, 28, '2026-05-14 08:05:00', '2026-05-14 09:37:00', 'E', 'A', 1, NULL, 0),
(373, 24, '2026-05-14 17:20:00', '2026-05-14 19:02:00', 'E', 'A', 1, NULL, 0),
(374, 24, '2026-05-14 17:28:00', '2026-05-14 18:53:00', 'E', 'V', 3, NULL, 1),
(375, 105, '2026-05-14 20:00:00', '2026-05-14 20:52:00', 'E', 'A', 4, NULL, 0),
(376, 95, '2026-05-14 18:10:00', '2026-05-14 19:22:00', 'E', 'A', 1, NULL, 0),
(377, 123, '2026-05-14 18:10:00', '2026-05-14 19:06:00', 'E', 'A', 4, NULL, 0),
(378, 1, '2026-05-14 18:10:00', '2026-05-14 19:50:00', 'E', 'A', 1, NULL, 0),
(379, 16, '2026-05-14 12:30:00', '2026-05-14 13:58:00', 'E', 'A', 1, NULL, 0),
(380, 63, '2026-05-15 19:20:00', '2026-05-15 20:15:00', 'E', 'A', 1, NULL, 0),
(381, 83, '2026-05-15 19:15:00', '2026-05-15 20:15:00', 'E', 'A', 1, NULL, 0),
(382, 88, '2026-05-15 18:15:00', '2026-05-15 19:22:00', 'E', 'A', 1, NULL, 0),
(383, 54, '2026-05-15 07:00:00', '2026-05-15 08:13:00', 'E', 'A', 1, NULL, 0),
(384, 118, '2026-05-15 18:05:00', '2026-05-15 19:01:00', 'E', 'A', 1, NULL, 0),
(385, 123, '2026-05-15 20:10:00', '2026-05-15 20:59:00', 'E', 'A', 1, NULL, 0),
(386, 77, '2026-05-15 18:00:00', '2026-05-15 19:10:00', 'E', 'A', 4, NULL, 0),
(387, 43, '2026-05-15 17:05:00', '2026-05-15 18:14:00', 'E', 'A', 1, NULL, 0),
(388, 3, '2026-05-15 06:10:00', '2026-05-15 07:24:00', 'E', 'A', 1, NULL, 0),
(389, 117, '2026-05-15 20:30:00', '2026-05-15 21:47:00', 'E', 'A', 4, NULL, 0),
(390, 117, '2026-05-15 20:37:00', '2026-05-15 21:37:00', 'E', 'V', 3, NULL, 1),
(391, 89, '2026-05-15 18:45:00', '2026-05-15 20:11:00', 'E', 'A', 4, NULL, 0),
(392, 18, '2026-05-15 07:20:00', '2026-05-15 09:04:00', 'E', 'A', 4, NULL, 0),
(393, 131, '2026-05-15 19:05:00', '2026-05-15 19:56:00', 'E', 'A', 1, NULL, 0),
(394, 119, '2026-05-15 12:15:00', '2026-05-15 13:24:00', 'E', 'A', 1, NULL, 0),
(395, 1, '2026-05-15 06:30:00', '2026-05-15 07:43:00', 'E', 'A', 4, NULL, 0),
(396, 78, '2026-05-15 07:10:00', '2026-05-15 08:34:00', 'E', 'A', 1, NULL, 0),
(397, 61, '2026-05-15 17:45:00', '2026-05-15 18:33:00', 'E', 'A', 1, NULL, 0),
(398, 128, '2026-05-15 17:10:00', '2026-05-15 18:01:00', 'E', 'A', 1, NULL, 0),
(399, 2, '2026-05-15 06:20:00', '2026-05-15 08:01:00', 'E', 'A', 1, NULL, 0),
(400, 87, '2026-05-15 06:00:00', '2026-05-15 06:49:00', 'E', 'A', 4, NULL, 0),
(401, 23, '2026-05-15 06:05:00', '2026-05-15 06:57:00', 'E', 'A', 4, NULL, 0),
(402, 53, '2026-05-15 17:00:00', '2026-05-15 17:52:00', 'E', 'A', 1, NULL, 0),
(403, 72, '2026-05-15 06:45:00', '2026-05-15 08:22:00', 'E', 'A', 1, NULL, 0),
(404, 90, '2026-05-15 18:15:00', '2026-05-15 19:49:00', 'E', 'A', 4, NULL, 0),
(405, 91, '2026-05-15 18:10:00', '2026-05-15 18:58:00', 'E', 'A', 4, NULL, 0),
(406, 132, '2026-05-15 07:00:00', '2026-05-15 07:53:00', 'E', 'A', 1, NULL, 0),
(407, 66, '2026-05-16 18:05:00', '2026-05-16 18:57:00', 'E', 'A', 1, NULL, 0),
(408, 91, '2026-05-16 19:15:00', '2026-05-16 20:44:00', 'E', 'A', 1, NULL, 0),
(409, 108, '2026-05-16 08:00:00', '2026-05-16 09:28:00', 'E', 'A', 1, NULL, 0),
(410, 124, '2026-05-16 20:20:00', '2026-05-16 21:47:00', 'E', 'A', 1, NULL, 0),
(411, 114, '2026-05-16 07:15:00', '2026-05-16 08:05:00', 'E', 'A', 4, NULL, 0),
(412, 114, '2026-05-16 07:03:00', NULL, 'E', 'A', 1, 'Limite diario de acessos atingido', 0),
(413, 24, '2026-05-16 08:20:00', '2026-05-16 09:32:00', 'E', 'A', 1, NULL, 0),
(414, 32, '2026-05-16 19:45:00', '2026-05-16 21:18:00', 'E', 'A', 1, NULL, 0),
(415, 18, '2026-05-16 06:00:00', '2026-05-16 06:54:00', 'E', 'A', 1, NULL, 0),
(416, 18, '2026-05-16 06:02:00', '2026-05-16 06:52:00', 'E', 'V', 3, NULL, 1),
(417, 103, '2026-05-16 07:20:00', '2026-05-16 08:51:00', 'E', 'A', 1, NULL, 0),
(418, 6, '2026-05-16 12:05:00', '2026-05-16 13:23:00', 'E', 'A', 1, NULL, 0),
(419, 8, '2026-05-16 07:00:00', '2026-05-16 08:07:00', 'E', 'A', 1, NULL, 0),
(420, 8, '2026-05-16 06:34:00', NULL, 'E', 'A', 1, 'Fatura pendente', 0),
(421, 17, '2026-05-16 12:45:00', '2026-05-16 13:44:00', 'E', 'A', 1, NULL, 0),
(422, 40, '2026-05-16 08:45:00', '2026-05-16 10:17:00', 'E', 'A', 1, NULL, 0),
(423, 75, '2026-05-16 20:15:00', '2026-05-16 21:08:00', 'E', 'A', 1, NULL, 0),
(424, 56, '2026-05-16 19:05:00', '2026-05-16 20:38:00', 'E', 'A', 1, NULL, 0),
(425, 132, '2026-05-16 18:00:00', '2026-05-16 19:09:00', 'E', 'A', 1, NULL, 0),
(426, 84, '2026-05-16 06:45:00', '2026-05-16 08:05:00', 'E', 'A', 1, NULL, 0),
(427, 97, '2026-05-16 19:05:00', '2026-05-16 20:00:00', 'E', 'A', 4, NULL, 0),
(428, 46, '2026-05-16 07:15:00', '2026-05-16 09:05:00', 'E', 'A', 1, NULL, 0),
(429, 120, '2026-05-16 12:10:00', '2026-05-16 13:56:00', 'E', 'A', 4, NULL, 0),
(430, 119, '2026-05-16 18:45:00', '2026-05-16 19:34:00', 'E', 'A', 1, NULL, 0),
(431, 70, '2026-05-16 19:15:00', '2026-05-16 20:27:00', 'E', 'A', 1, NULL, 0),
(432, 100, '2026-05-16 07:45:00', '2026-05-16 09:17:00', 'E', 'A', 1, NULL, 0),
(433, 19, '2026-05-16 06:15:00', '2026-05-16 07:45:00', 'E', 'A', 1, NULL, 0),
(434, 109, '2026-05-16 18:15:00', '2026-05-16 19:57:00', 'E', 'A', 4, NULL, 0),
(435, 61, '2026-05-16 17:10:00', '2026-05-16 18:43:00', 'E', 'A', 1, NULL, 0),
(436, 113, '2026-05-16 18:10:00', '2026-05-16 19:05:00', 'E', 'A', 1, NULL, 0),
(437, 78, '2026-05-16 18:45:00', '2026-05-16 20:05:00', 'E', 'A', 1, NULL, 0),
(438, 44, '2026-05-16 06:05:00', '2026-05-16 07:32:00', 'E', 'A', 1, NULL, 0),
(439, 38, '2026-05-16 19:45:00', '2026-05-16 21:05:00', 'E', 'A', 1, NULL, 0),
(440, 48, '2026-05-16 20:45:00', '2026-05-16 22:03:00', 'E', 'A', 1, NULL, 0),
(441, 2, '2026-05-16 12:15:00', '2026-05-16 13:51:00', 'E', 'A', 1, NULL, 0),
(442, 67, '2026-05-16 19:05:00', '2026-05-16 20:40:00', 'E', 'A', 1, NULL, 0),
(443, 76, '2026-05-16 17:20:00', '2026-05-16 19:04:00', 'E', 'A', 4, NULL, 0),
(444, 49, '2026-05-17 07:45:00', '2026-05-17 08:46:00', 'E', 'A', 1, NULL, 0),
(445, 49, '2026-05-17 07:15:00', NULL, 'E', 'A', 1, 'Limite diario de acessos atingido', 0),
(446, 110, '2026-05-17 19:10:00', '2026-05-17 20:23:00', 'E', 'A', 4, NULL, 0),
(447, 107, '2026-05-17 19:30:00', '2026-05-17 20:53:00', 'E', 'A', 1, NULL, 0),
(448, 54, '2026-05-17 06:05:00', '2026-05-17 07:09:00', 'E', 'A', 1, NULL, 0),
(449, 113, '2026-05-17 19:20:00', '2026-05-17 20:55:00', 'E', 'A', 4, NULL, 0),
(450, 116, '2026-05-17 17:05:00', '2026-05-17 18:50:00', 'E', 'A', 1, NULL, 0),
(451, 8, '2026-05-17 18:10:00', '2026-05-17 19:06:00', 'E', 'A', 1, NULL, 0),
(452, 96, '2026-05-17 06:30:00', '2026-05-17 08:17:00', 'E', 'A', 1, NULL, 0),
(453, 73, '2026-05-18 19:30:00', '2026-05-18 21:15:00', 'E', 'A', 1, NULL, 0),
(454, 53, '2026-05-18 18:20:00', '2026-05-18 20:03:00', 'E', 'A', 1, NULL, 0),
(455, 60, '2026-05-18 17:45:00', '2026-05-18 19:21:00', 'E', 'A', 1, NULL, 0),
(456, 75, '2026-05-18 19:15:00', '2026-05-18 20:59:00', 'E', 'A', 1, NULL, 0),
(457, 18, '2026-05-18 19:15:00', '2026-05-18 20:44:00', 'E', 'A', 1, NULL, 0),
(458, 59, '2026-05-18 19:15:00', '2026-05-18 20:31:00', 'E', 'A', 1, NULL, 0),
(459, 8, '2026-05-18 17:30:00', '2026-05-18 18:38:00', 'E', 'A', 1, NULL, 0),
(460, 48, '2026-05-18 08:45:00', '2026-05-18 09:50:00', 'E', 'A', 1, NULL, 0),
(461, 67, '2026-05-18 18:00:00', '2026-05-18 19:12:00', 'E', 'A', 4, NULL, 0),
(462, 2, '2026-05-18 07:10:00', '2026-05-18 08:04:00', 'E', 'A', 1, NULL, 0),
(463, 22, '2026-05-18 17:05:00', '2026-05-18 18:22:00', 'E', 'A', 1, NULL, 0),
(464, 42, '2026-05-18 06:30:00', '2026-05-18 08:14:00', 'E', 'A', 4, NULL, 0),
(465, 111, '2026-05-18 07:00:00', '2026-05-18 07:46:00', 'E', 'A', 1, NULL, 0),
(466, 117, '2026-05-18 12:30:00', '2026-05-18 14:14:00', 'E', 'A', 4, NULL, 0),
(467, 131, '2026-05-18 18:30:00', '2026-05-18 20:11:00', 'E', 'A', 1, NULL, 0),
(468, 51, '2026-05-18 07:45:00', '2026-05-18 08:32:00', 'E', 'A', 1, NULL, 0),
(469, 21, '2026-05-18 19:05:00', '2026-05-18 19:59:00', 'E', 'A', 1, NULL, 0),
(470, 15, '2026-05-18 12:05:00', '2026-05-18 12:54:00', 'E', 'A', 1, NULL, 0),
(471, 17, '2026-05-18 18:20:00', '2026-05-18 19:18:00', 'E', 'A', 4, NULL, 0),
(472, 69, '2026-05-18 18:00:00', '2026-05-18 19:33:00', 'E', 'A', 1, NULL, 0),
(473, 54, '2026-05-18 08:00:00', '2026-05-18 08:47:00', 'E', 'A', 4, NULL, 0),
(474, 54, '2026-05-18 08:01:00', '2026-05-18 08:42:00', 'E', 'V', 3, NULL, 1),
(475, 62, '2026-05-18 18:00:00', '2026-05-18 19:13:00', 'E', 'A', 1, NULL, 0),
(476, 96, '2026-05-18 07:05:00', '2026-05-18 07:55:00', 'E', 'A', 4, NULL, 0),
(477, 9, '2026-05-18 12:30:00', '2026-05-18 13:39:00', 'E', 'A', 1, NULL, 0),
(478, 50, '2026-05-18 17:05:00', '2026-05-18 18:17:00', 'E', 'A', 1, NULL, 0),
(479, 27, '2026-05-18 17:10:00', '2026-05-18 17:56:00', 'E', 'A', 4, NULL, 0),
(480, 114, '2026-05-18 18:10:00', '2026-05-18 19:42:00', 'E', 'A', 1, NULL, 0),
(481, 107, '2026-05-18 12:20:00', '2026-05-18 14:08:00', 'E', 'A', 1, NULL, 0),
(482, 40, '2026-05-18 20:20:00', '2026-05-18 21:26:00', 'E', 'A', 1, NULL, 0),
(483, 56, '2026-05-18 20:30:00', '2026-05-18 22:04:00', 'E', 'A', 1, NULL, 0),
(484, 124, '2026-05-19 07:15:00', '2026-05-19 08:37:00', 'E', 'A', 1, NULL, 0),
(485, 18, '2026-05-19 06:30:00', '2026-05-19 08:11:00', 'E', 'A', 1, NULL, 0),
(486, 86, '2026-05-19 19:00:00', '2026-05-19 20:38:00', 'E', 'A', 1, NULL, 0),
(487, 5, '2026-05-19 18:10:00', '2026-05-19 19:26:00', 'E', 'A', 1, NULL, 0),
(488, 115, '2026-05-19 18:05:00', '2026-05-19 19:18:00', 'E', 'A', 4, NULL, 0),
(489, 49, '2026-05-19 18:00:00', '2026-05-19 19:47:00', 'E', 'A', 1, NULL, 0),
(490, 66, '2026-05-19 20:05:00', '2026-05-19 21:06:00', 'E', 'A', 1, NULL, 0),
(491, 82, '2026-05-19 19:05:00', '2026-05-19 20:20:00', 'E', 'A', 1, NULL, 0),
(492, 95, '2026-05-19 07:05:00', '2026-05-19 08:21:00', 'E', 'A', 4, NULL, 0),
(493, 30, '2026-05-19 12:15:00', '2026-05-19 13:25:00', 'E', 'A', 1, NULL, 0),
(494, 65, '2026-05-19 20:10:00', '2026-05-19 21:45:00', 'E', 'A', 4, NULL, 0),
(495, 76, '2026-05-19 17:30:00', '2026-05-19 19:10:00', 'E', 'A', 1, NULL, 0),
(496, 91, '2026-05-19 06:15:00', '2026-05-19 07:54:00', 'E', 'A', 1, NULL, 0),
(497, 2, '2026-05-19 18:05:00', '2026-05-19 19:12:00', 'E', 'A', 1, NULL, 0),
(498, 123, '2026-05-19 12:20:00', '2026-05-19 14:06:00', 'E', 'A', 1, NULL, 0),
(499, 3, '2026-05-19 07:05:00', '2026-05-19 07:50:00', 'E', 'A', 1, NULL, 0),
(500, 79, '2026-05-19 12:15:00', '2026-05-19 13:53:00', 'E', 'A', 4, NULL, 0);
INSERT INTO acessos_catraca (id, id_aluno, data_hora_entrada, data_hora_saida, sentido_acesso, tipo_acesso, id_dispositivo_catraca, motivo_bloqueio, foi_liberacao_manual) VALUES
(501, 98, '2026-05-19 17:30:00', '2026-05-19 18:24:00', 'E', 'A', 4, NULL, 0),
(502, 16, '2026-05-19 07:20:00', '2026-05-19 08:25:00', 'E', 'A', 1, NULL, 0),
(503, 40, '2026-05-19 19:45:00', '2026-05-19 21:14:00', 'E', 'A', 4, NULL, 0),
(504, 31, '2026-05-19 06:15:00', '2026-05-19 07:54:00', 'E', 'A', 1, NULL, 0),
(505, 132, '2026-05-19 19:30:00', '2026-05-19 20:18:00', 'E', 'A', 1, NULL, 0),
(506, 55, '2026-05-19 18:10:00', '2026-05-19 19:26:00', 'E', 'A', 1, NULL, 0),
(507, 55, '2026-05-19 18:12:00', '2026-05-19 19:16:00', 'E', 'V', 3, NULL, 1),
(508, 97, '2026-05-19 12:30:00', '2026-05-19 13:25:00', 'E', 'A', 1, NULL, 0),
(509, 32, '2026-05-19 17:30:00', '2026-05-19 18:53:00', 'E', 'A', 4, NULL, 0),
(510, 80, '2026-05-19 19:30:00', '2026-05-19 20:26:00', 'E', 'A', 1, NULL, 0),
(511, 11, '2026-05-19 12:05:00', '2026-05-19 13:24:00', 'E', 'A', 1, NULL, 0),
(512, 8, '2026-05-19 12:05:00', '2026-05-19 13:52:00', 'E', 'A', 1, NULL, 0),
(513, 107, '2026-05-20 07:30:00', '2026-05-20 08:36:00', 'E', 'A', 1, NULL, 0),
(514, 74, '2026-05-20 08:10:00', '2026-05-20 08:58:00', 'E', 'A', 1, NULL, 0),
(515, 111, '2026-05-20 07:00:00', '2026-05-20 08:19:00', 'E', 'A', 1, NULL, 0),
(516, 44, '2026-05-20 06:05:00', '2026-05-20 06:50:00', 'E', 'A', 4, NULL, 0),
(517, 46, '2026-05-20 19:15:00', '2026-05-20 21:00:00', 'E', 'A', 1, NULL, 0),
(518, 48, '2026-05-20 18:10:00', '2026-05-20 19:35:00', 'E', 'A', 1, NULL, 0),
(519, 24, '2026-05-20 12:00:00', '2026-05-20 13:30:00', 'E', 'A', 1, NULL, 0),
(520, 24, '2026-05-20 11:33:00', NULL, 'E', 'A', 1, 'Plano inativo', 0),
(521, 91, '2026-05-20 18:05:00', '2026-05-20 18:53:00', 'E', 'A', 1, NULL, 0),
(522, 18, '2026-05-20 18:45:00', '2026-05-20 20:01:00', 'E', 'A', 1, NULL, 0),
(523, 26, '2026-05-20 19:20:00', '2026-05-20 20:57:00', 'E', 'A', 1, NULL, 0),
(524, 26, '2026-05-20 19:26:00', '2026-05-20 20:57:00', 'E', 'V', 3, NULL, 1),
(525, 63, '2026-05-20 19:45:00', '2026-05-20 21:11:00', 'E', 'A', 4, NULL, 0),
(526, 126, '2026-05-20 18:45:00', '2026-05-20 19:40:00', 'E', 'A', 1, NULL, 0),
(527, 65, '2026-05-20 20:30:00', '2026-05-20 21:27:00', 'E', 'A', 4, NULL, 0),
(528, 15, '2026-05-20 07:20:00', '2026-05-20 09:09:00', 'E', 'A', 1, NULL, 0),
(529, 58, '2026-05-20 12:30:00', '2026-05-20 14:14:00', 'E', 'A', 1, NULL, 0),
(530, 73, '2026-05-20 17:20:00', '2026-05-20 18:35:00', 'E', 'A', 1, NULL, 0),
(531, 105, '2026-05-20 18:00:00', '2026-05-20 18:58:00', 'E', 'A', 4, NULL, 0),
(532, 28, '2026-05-20 20:10:00', '2026-05-20 21:44:00', 'E', 'A', 1, NULL, 0),
(533, 121, '2026-05-20 17:30:00', '2026-05-20 18:30:00', 'E', 'A', 1, NULL, 0),
(534, 123, '2026-05-20 17:45:00', '2026-05-20 19:12:00', 'E', 'A', 1, NULL, 0),
(535, 8, '2026-05-20 18:30:00', '2026-05-20 19:58:00', 'E', 'A', 4, NULL, 0),
(536, 96, '2026-05-20 18:30:00', '2026-05-20 20:10:00', 'E', 'A', 1, NULL, 0),
(537, 114, '2026-05-20 06:00:00', '2026-05-20 07:28:00', 'E', 'A', 1, NULL, 0),
(538, 104, '2026-05-20 12:45:00', '2026-05-20 14:10:00', 'E', 'A', 4, NULL, 0),
(539, 104, '2026-05-20 12:39:00', NULL, 'E', 'A', 1, 'Limite diario de acessos atingido', 0),
(540, 98, '2026-05-20 17:45:00', '2026-05-20 19:19:00', 'E', 'A', 4, NULL, 0),
(541, 25, '2026-05-20 18:45:00', '2026-05-20 19:46:00', 'E', 'A', 1, NULL, 0),
(542, 25, '2026-05-20 18:26:00', NULL, 'E', 'A', 1, 'Plano inativo', 0),
(543, 34, '2026-05-20 07:10:00', '2026-05-20 08:23:00', 'E', 'A', 4, NULL, 0),
(544, 53, '2026-05-20 12:30:00', '2026-05-20 13:19:00', 'E', 'A', 1, NULL, 0),
(545, 57, '2026-05-20 07:45:00', '2026-05-20 09:31:00', 'E', 'A', 1, NULL, 0),
(546, 81, '2026-05-20 12:45:00', '2026-05-20 14:12:00', 'E', 'A', 1, NULL, 0),
(547, 80, '2026-05-20 18:45:00', '2026-05-20 19:58:00', 'E', 'A', 1, NULL, 0),
(548, 101, '2026-05-21 17:05:00', '2026-05-21 18:07:00', 'E', 'A', 4, NULL, 0),
(549, 77, '2026-05-21 07:05:00', '2026-05-21 08:15:00', 'E', 'A', 1, NULL, 0),
(550, 41, '2026-05-21 07:45:00', '2026-05-21 08:48:00', 'E', 'A', 4, NULL, 0),
(551, 6, '2026-05-21 19:00:00', '2026-05-21 19:57:00', 'E', 'A', 1, NULL, 0),
(552, 132, '2026-05-21 06:20:00', '2026-05-21 07:48:00', 'E', 'A', 4, NULL, 0),
(553, 44, '2026-05-21 17:00:00', '2026-05-21 18:00:00', 'E', 'A', 1, NULL, 0),
(554, 55, '2026-05-21 18:05:00', '2026-05-21 19:38:00', 'E', 'A', 1, NULL, 0),
(555, 87, '2026-05-21 18:10:00', '2026-05-21 19:51:00', 'E', 'A', 1, NULL, 0),
(556, 87, '2026-05-21 18:12:00', '2026-05-21 19:50:00', 'E', 'V', 3, NULL, 1),
(557, 61, '2026-05-21 18:20:00', '2026-05-21 19:33:00', 'E', 'A', 1, NULL, 0),
(558, 45, '2026-05-21 17:30:00', '2026-05-21 18:27:00', 'E', 'A', 1, NULL, 0),
(559, 97, '2026-05-21 18:10:00', '2026-05-21 19:11:00', 'E', 'A', 1, NULL, 0),
(560, 51, '2026-05-21 19:20:00', '2026-05-21 20:28:00', 'E', 'A', 4, NULL, 0),
(561, 51, '2026-05-21 18:58:00', NULL, 'E', 'A', 1, 'Limite diario de acessos atingido', 0),
(562, 121, '2026-05-21 19:20:00', '2026-05-21 21:07:00', 'E', 'A', 1, NULL, 0),
(563, 10, '2026-05-21 18:45:00', '2026-05-21 19:45:00', 'E', 'A', 1, NULL, 0),
(564, 68, '2026-05-21 07:20:00', '2026-05-21 08:28:00', 'E', 'A', 1, NULL, 0),
(565, 94, '2026-05-21 07:05:00', '2026-05-21 08:16:00', 'E', 'A', 1, NULL, 0),
(566, 37, '2026-05-21 19:00:00', '2026-05-21 20:00:00', 'E', 'A', 1, NULL, 0),
(567, 116, '2026-05-21 17:30:00', '2026-05-21 18:15:00', 'E', 'A', 1, NULL, 0),
(568, 90, '2026-05-21 17:45:00', '2026-05-21 19:07:00', 'E', 'A', 4, NULL, 0),
(569, 25, '2026-05-21 12:10:00', '2026-05-21 14:00:00', 'E', 'A', 1, NULL, 0),
(570, 114, '2026-05-21 06:00:00', '2026-05-21 07:09:00', 'E', 'A', 1, NULL, 0),
(571, 110, '2026-05-21 20:20:00', '2026-05-21 21:32:00', 'E', 'A', 1, NULL, 0),
(572, 71, '2026-05-21 17:20:00', '2026-05-21 18:37:00', 'E', 'A', 1, NULL, 0),
(573, 120, '2026-05-21 17:00:00', '2026-05-21 18:17:00', 'E', 'A', 4, NULL, 0),
(574, 13, '2026-05-21 08:30:00', '2026-05-21 09:49:00', 'E', 'A', 1, NULL, 0),
(575, 17, '2026-05-21 18:20:00', '2026-05-21 19:25:00', 'E', 'A', 4, NULL, 0),
(576, 42, '2026-05-21 19:15:00', '2026-05-21 20:03:00', 'E', 'A', 1, NULL, 0),
(577, 122, '2026-05-21 07:20:00', '2026-05-21 08:57:00', 'E', 'A', 1, NULL, 0),
(578, 102, '2026-05-21 19:45:00', '2026-05-21 21:04:00', 'E', 'A', 1, NULL, 0),
(579, 75, '2026-05-21 06:15:00', '2026-05-21 07:28:00', 'E', 'A', 4, NULL, 0),
(580, 7, '2026-05-21 07:20:00', '2026-05-21 08:44:00', 'E', 'A', 4, NULL, 0),
(581, 91, '2026-05-21 18:10:00', '2026-05-21 19:29:00', 'E', 'A', 1, NULL, 0),
(582, 39, '2026-05-21 20:15:00', '2026-05-21 21:23:00', 'E', 'A', 1, NULL, 0),
(583, 104, '2026-05-22 20:20:00', '2026-05-22 21:34:00', 'E', 'A', 1, NULL, 0),
(584, 123, '2026-05-22 12:45:00', '2026-05-22 14:10:00', 'E', 'A', 1, NULL, 0),
(585, 33, '2026-05-22 08:00:00', '2026-05-22 09:06:00', 'E', 'A', 1, NULL, 0),
(586, 67, '2026-05-22 20:45:00', '2026-05-22 21:31:00', 'E', 'A', 4, NULL, 0),
(587, 3, '2026-05-22 07:15:00', '2026-05-22 09:05:00', 'E', 'A', 1, NULL, 0),
(588, 88, '2026-05-22 19:30:00', '2026-05-22 20:15:00', 'E', 'A', 4, NULL, 0),
(589, 66, '2026-05-22 08:30:00', '2026-05-22 09:20:00', 'E', 'A', 4, NULL, 0),
(590, 92, '2026-05-22 19:20:00', '2026-05-22 20:33:00', 'E', 'A', 1, NULL, 0),
(591, 20, '2026-05-22 17:00:00', '2026-05-22 18:39:00', 'E', 'A', 4, NULL, 0),
(592, 85, '2026-05-22 07:30:00', '2026-05-22 08:46:00', 'E', 'A', 1, NULL, 0),
(593, 17, '2026-05-22 08:00:00', '2026-05-22 09:35:00', 'E', 'A', 1, NULL, 0),
(594, 19, '2026-05-22 20:20:00', '2026-05-22 21:09:00', 'E', 'A', 4, NULL, 0),
(595, 49, '2026-05-22 06:00:00', '2026-05-22 07:43:00', 'E', 'A', 1, NULL, 0),
(596, 73, '2026-05-22 12:30:00', '2026-05-22 13:38:00', 'E', 'A', 4, NULL, 0),
(597, 95, '2026-05-22 17:00:00', '2026-05-22 18:50:00', 'E', 'A', 1, NULL, 0),
(598, 35, '2026-05-22 06:45:00', '2026-05-22 08:02:00', 'E', 'A', 1, NULL, 0),
(599, 7, '2026-05-22 12:05:00', '2026-05-22 13:24:00', 'E', 'A', 1, NULL, 0),
(600, 93, '2026-05-22 17:05:00', '2026-05-22 18:35:00', 'E', 'A', 4, NULL, 0),
(601, 93, '2026-05-22 17:09:00', '2026-05-22 18:34:00', 'E', 'V', 3, NULL, 1),
(602, 82, '2026-05-22 06:15:00', '2026-05-22 07:53:00', 'E', 'A', 1, NULL, 0),
(603, 48, '2026-05-22 07:15:00', '2026-05-22 08:34:00', 'E', 'A', 1, NULL, 0),
(604, 91, '2026-05-22 19:30:00', '2026-05-22 20:31:00', 'E', 'A', 1, NULL, 0),
(605, 100, '2026-05-22 12:30:00', '2026-05-22 14:04:00', 'E', 'A', 1, NULL, 0),
(606, 32, '2026-05-22 06:05:00', '2026-05-22 07:34:00', 'E', 'A', 1, NULL, 0),
(607, 87, '2026-05-22 18:10:00', '2026-05-22 19:49:00', 'E', 'A', 1, NULL, 0),
(608, 78, '2026-05-22 17:45:00', '2026-05-22 19:24:00', 'E', 'A', 1, NULL, 0),
(609, 54, '2026-05-22 07:10:00', '2026-05-22 08:09:00', 'E', 'A', 1, NULL, 0),
(610, 112, '2026-05-22 19:05:00', '2026-05-22 20:50:00', 'E', 'A', 1, NULL, 0),
(611, 59, '2026-05-22 07:45:00', '2026-05-22 08:49:00', 'E', 'A', 1, NULL, 0),
(612, 24, '2026-05-22 08:05:00', '2026-05-22 09:08:00', 'E', 'A', 4, NULL, 0),
(613, 24, '2026-05-22 08:09:00', '2026-05-22 09:07:00', 'E', 'V', 3, NULL, 1),
(614, 57, '2026-05-22 12:20:00', '2026-05-22 13:44:00', 'E', 'A', 1, NULL, 0),
(615, 46, '2026-05-22 06:15:00', '2026-05-22 07:06:00', 'E', 'A', 1, NULL, 0),
(616, 60, '2026-05-22 20:30:00', '2026-05-22 22:08:00', 'E', 'A', 1, NULL, 0),
(617, 65, '2026-05-22 06:00:00', '2026-05-22 07:26:00', 'E', 'A', 1, NULL, 0),
(618, 37, '2026-05-22 18:15:00', '2026-05-22 19:23:00', 'E', 'A', 1, NULL, 0),
(619, 36, '2026-05-22 12:00:00', '2026-05-22 12:46:00', 'E', 'A', 1, NULL, 0),
(620, 96, '2026-05-23 18:45:00', '2026-05-23 19:55:00', 'E', 'A', 1, NULL, 0),
(621, 96, '2026-05-23 18:49:00', '2026-05-23 19:49:00', 'E', 'V', 3, NULL, 1),
(622, 61, '2026-05-23 08:45:00', '2026-05-23 10:14:00', 'E', 'A', 1, NULL, 0),
(623, 71, '2026-05-23 19:00:00', '2026-05-23 20:46:00', 'E', 'A', 4, NULL, 0),
(624, 54, '2026-05-23 19:05:00', '2026-05-23 20:25:00', 'E', 'A', 1, NULL, 0),
(625, 99, '2026-05-23 06:30:00', '2026-05-23 07:39:00', 'E', 'A', 4, NULL, 0),
(626, 12, '2026-05-23 17:00:00', '2026-05-23 18:06:00', 'E', 'A', 4, NULL, 0),
(627, 114, '2026-05-23 19:15:00', '2026-05-23 20:34:00', 'E', 'A', 1, NULL, 0),
(628, 14, '2026-05-23 08:30:00', '2026-05-23 09:16:00', 'E', 'A', 4, NULL, 0),
(629, 17, '2026-05-23 08:45:00', '2026-05-23 09:58:00', 'E', 'A', 1, NULL, 0),
(630, 81, '2026-05-23 07:00:00', '2026-05-23 08:15:00', 'E', 'A', 1, NULL, 0),
(631, 81, '2026-05-23 07:03:00', '2026-05-23 08:11:00', 'E', 'V', 3, NULL, 1),
(632, 132, '2026-05-23 08:45:00', '2026-05-23 09:36:00', 'E', 'A', 1, NULL, 0),
(633, 78, '2026-05-23 07:30:00', '2026-05-23 08:59:00', 'E', 'A', 1, NULL, 0),
(634, 16, '2026-05-23 19:10:00', '2026-05-23 20:12:00', 'E', 'A', 4, NULL, 0),
(635, 6, '2026-05-23 20:30:00', '2026-05-23 21:16:00', 'E', 'A', 1, NULL, 0),
(636, 76, '2026-05-23 07:00:00', '2026-05-23 07:58:00', 'E', 'A', 4, NULL, 0),
(637, 117, '2026-05-23 18:20:00', '2026-05-23 19:31:00', 'E', 'A', 4, NULL, 0),
(638, 126, '2026-05-23 18:45:00', '2026-05-23 20:20:00', 'E', 'A', 1, NULL, 0),
(639, 84, '2026-05-23 17:05:00', '2026-05-23 18:51:00', 'E', 'A', 1, NULL, 0),
(640, 105, '2026-05-23 19:05:00', '2026-05-23 20:14:00', 'E', 'A', 4, NULL, 0),
(641, 25, '2026-05-23 12:10:00', '2026-05-23 13:15:00', 'E', 'A', 1, NULL, 0),
(642, 113, '2026-05-23 07:05:00', '2026-05-23 07:59:00', 'E', 'A', 4, NULL, 0),
(643, 91, '2026-05-23 20:00:00', '2026-05-23 21:02:00', 'E', 'A', 1, NULL, 0),
(644, 58, '2026-05-23 06:45:00', '2026-05-23 07:31:00', 'E', 'A', 1, NULL, 0),
(645, 13, '2026-05-23 08:30:00', '2026-05-23 09:16:00', 'E', 'A', 1, NULL, 0),
(646, 10, '2026-05-23 18:10:00', '2026-05-23 19:05:00', 'E', 'A', 1, NULL, 0),
(647, 70, '2026-05-23 19:45:00', '2026-05-23 20:50:00', 'E', 'A', 1, NULL, 0),
(648, 80, '2026-05-23 06:30:00', '2026-05-23 07:49:00', 'E', 'A', 1, NULL, 0),
(649, 80, '2026-05-23 06:31:00', '2026-05-23 07:48:00', 'E', 'V', 3, NULL, 1),
(650, 44, '2026-05-23 07:45:00', '2026-05-23 09:23:00', 'E', 'A', 1, NULL, 0),
(651, 44, '2026-05-23 07:49:00', '2026-05-23 09:23:00', 'E', 'V', 3, NULL, 1),
(652, 39, '2026-05-23 12:10:00', '2026-05-23 13:31:00', 'E', 'A', 1, NULL, 0),
(653, 29, '2026-05-24 18:00:00', '2026-05-24 19:31:00', 'E', 'A', 1, NULL, 0),
(654, 126, '2026-05-24 07:20:00', '2026-05-24 08:47:00', 'E', 'A', 1, NULL, 0),
(655, 44, '2026-05-24 18:10:00', '2026-05-24 19:31:00', 'E', 'A', 1, NULL, 0),
(656, 58, '2026-05-24 17:10:00', '2026-05-24 18:28:00', 'E', 'A', 1, NULL, 0),
(657, 27, '2026-05-24 20:45:00', '2026-05-24 21:48:00', 'E', 'A', 1, NULL, 0),
(658, 73, '2026-05-24 19:15:00', '2026-05-24 20:08:00', 'E', 'A', 1, NULL, 0),
(659, 92, '2026-05-24 08:00:00', '2026-05-24 09:26:00', 'E', 'A', 1, NULL, 0),
(660, 20, '2026-05-24 12:15:00', '2026-05-24 14:01:00', 'E', 'A', 4, NULL, 0),
(661, 63, '2026-05-25 06:10:00', '2026-05-25 06:55:00', 'E', 'A', 1, NULL, 0),
(662, 63, '2026-05-25 05:48:00', NULL, 'E', 'A', 1, 'Plano inativo', 0),
(663, 99, '2026-05-25 20:00:00', '2026-05-25 20:52:00', 'E', 'A', 1, NULL, 0),
(664, 108, '2026-05-25 19:05:00', '2026-05-25 20:27:00', 'E', 'A', 4, NULL, 0),
(665, 128, '2026-05-25 20:15:00', '2026-05-25 21:31:00', 'E', 'A', 1, NULL, 0),
(666, 127, '2026-05-25 07:30:00', '2026-05-25 08:33:00', 'E', 'A', 4, NULL, 0),
(667, 69, '2026-05-25 17:00:00', '2026-05-25 17:58:00', 'E', 'A', 1, NULL, 0),
(668, 129, '2026-05-25 07:05:00', '2026-05-25 08:36:00', 'E', 'A', 1, NULL, 0),
(669, 106, '2026-05-25 18:45:00', '2026-05-25 20:23:00', 'E', 'A', 1, NULL, 0),
(670, 30, '2026-05-25 07:20:00', '2026-05-25 08:43:00', 'E', 'A', 4, NULL, 0),
(671, 50, '2026-05-25 19:30:00', '2026-05-25 20:16:00', 'E', 'A', 1, NULL, 0),
(672, 11, '2026-05-25 18:20:00', '2026-05-25 19:27:00', 'E', 'A', 1, NULL, 0),
(673, 11, '2026-05-25 18:27:00', '2026-05-25 19:17:00', 'E', 'V', 3, NULL, 1),
(674, 75, '2026-05-25 17:30:00', '2026-05-25 18:48:00', 'E', 'A', 1, NULL, 0),
(675, 92, '2026-05-25 07:00:00', '2026-05-25 08:33:00', 'E', 'A', 1, NULL, 0),
(676, 54, '2026-05-25 06:15:00', '2026-05-25 07:23:00', 'E', 'A', 1, NULL, 0),
(677, 68, '2026-05-25 12:30:00', '2026-05-25 14:06:00', 'E', 'A', 4, NULL, 0),
(678, 74, '2026-05-25 18:05:00', '2026-05-25 19:24:00', 'E', 'A', 1, NULL, 0),
(679, 100, '2026-05-25 19:10:00', '2026-05-25 19:58:00', 'E', 'A', 1, NULL, 0),
(680, 89, '2026-05-25 06:20:00', '2026-05-25 07:06:00', 'E', 'A', 1, NULL, 0),
(681, 104, '2026-05-25 20:05:00', '2026-05-25 21:24:00', 'E', 'A', 1, NULL, 0),
(682, 96, '2026-05-25 18:45:00', '2026-05-25 20:31:00', 'E', 'A', 1, NULL, 0),
(683, 29, '2026-05-25 12:10:00', '2026-05-25 13:31:00', 'E', 'A', 4, NULL, 0),
(684, 90, '2026-05-25 12:10:00', '2026-05-25 13:11:00', 'E', 'A', 1, NULL, 0),
(685, 26, '2026-05-26 17:45:00', '2026-05-26 19:13:00', 'E', 'A', 4, NULL, 0),
(686, 129, '2026-05-26 12:45:00', '2026-05-26 14:25:00', 'E', 'A', 1, NULL, 0),
(687, 39, '2026-05-26 12:05:00', '2026-05-26 12:59:00', 'E', 'A', 1, NULL, 0),
(688, 7, '2026-05-26 06:00:00', '2026-05-26 07:03:00', 'E', 'A', 1, NULL, 0),
(689, 98, '2026-05-26 19:00:00', '2026-05-26 20:48:00', 'E', 'A', 1, NULL, 0),
(690, 62, '2026-05-26 12:00:00', '2026-05-26 13:20:00', 'E', 'A', 1, NULL, 0),
(691, 76, '2026-05-26 18:15:00', '2026-05-26 19:33:00', 'E', 'A', 4, NULL, 0),
(692, 112, '2026-05-26 17:05:00', '2026-05-26 18:05:00', 'E', 'A', 4, NULL, 0),
(693, 112, '2026-05-26 17:10:00', '2026-05-26 17:59:00', 'E', 'V', 3, NULL, 1),
(694, 110, '2026-05-26 18:30:00', '2026-05-26 19:31:00', 'E', 'A', 4, NULL, 0),
(695, 5, '2026-05-26 20:10:00', '2026-05-26 21:05:00', 'E', 'A', 4, NULL, 0),
(696, 38, '2026-05-26 19:30:00', '2026-05-26 20:20:00', 'E', 'A', 1, NULL, 0),
(697, 21, '2026-05-26 19:00:00', '2026-05-26 20:04:00', 'E', 'A', 1, NULL, 0),
(698, 20, '2026-05-26 12:00:00', '2026-05-26 13:13:00', 'E', 'A', 4, NULL, 0),
(699, 88, '2026-05-26 12:15:00', '2026-05-26 13:59:00', 'E', 'A', 1, NULL, 0),
(700, 60, '2026-05-26 19:15:00', '2026-05-26 20:55:00', 'E', 'A', 1, NULL, 0),
(701, 11, '2026-05-26 12:20:00', '2026-05-26 14:07:00', 'E', 'A', 1, NULL, 0),
(702, 114, '2026-05-26 08:00:00', '2026-05-26 09:04:00', 'E', 'A', 4, NULL, 0),
(703, 81, '2026-05-26 18:20:00', '2026-05-26 19:53:00', 'E', 'A', 1, NULL, 0),
(704, 12, '2026-05-26 17:15:00', '2026-05-26 18:27:00', 'E', 'A', 1, NULL, 0),
(705, 12, '2026-05-26 16:46:00', NULL, 'E', 'A', 1, 'Limite diario de acessos atingido', 0),
(706, 92, '2026-05-26 17:10:00', '2026-05-26 18:17:00', 'E', 'A', 1, NULL, 0),
(707, 30, '2026-05-26 06:45:00', '2026-05-26 08:27:00', 'E', 'A', 4, NULL, 0),
(708, 28, '2026-05-26 08:45:00', '2026-05-26 09:36:00', 'E', 'A', 1, NULL, 0),
(709, 104, '2026-05-26 20:10:00', '2026-05-26 21:16:00', 'E', 'A', 1, NULL, 0),
(710, 119, '2026-05-26 17:30:00', '2026-05-26 18:35:00', 'E', 'A', 4, NULL, 0),
(711, 84, '2026-05-26 12:00:00', '2026-05-26 13:10:00', 'E', 'A', 1, NULL, 0),
(712, 19, '2026-05-26 07:30:00', '2026-05-26 08:55:00', 'E', 'A', 1, NULL, 0),
(713, 99, '2026-05-26 07:45:00', '2026-05-26 09:10:00', 'E', 'A', 1, NULL, 0),
(714, 113, '2026-05-26 08:30:00', '2026-05-26 09:15:00', 'E', 'A', 4, NULL, 0),
(715, 121, '2026-05-26 18:30:00', '2026-05-26 19:27:00', 'E', 'A', 1, NULL, 0),
(716, 65, '2026-05-26 17:20:00', '2026-05-26 18:26:00', 'E', 'A', 4, NULL, 0),
(717, 67, '2026-05-26 07:30:00', '2026-05-26 08:16:00', 'E', 'A', 1, NULL, 0),
(718, 67, '2026-05-26 07:16:00', NULL, 'E', 'A', 1, 'Limite diario de acessos atingido', 0),
(719, 94, '2026-05-26 19:00:00', '2026-05-26 20:48:00', 'E', 'A', 4, NULL, 0),
(720, 78, '2026-05-26 19:15:00', '2026-05-26 20:42:00', 'E', 'A', 1, NULL, 0),
(721, 108, '2026-05-26 12:20:00', '2026-05-26 13:25:00', 'E', 'A', 4, NULL, 0),
(722, 73, '2026-05-27 12:05:00', '2026-05-27 13:50:00', 'E', 'A', 1, NULL, 0),
(723, 26, '2026-05-27 17:45:00', '2026-05-27 19:20:00', 'E', 'A', 1, NULL, 0),
(724, 23, '2026-05-27 17:10:00', '2026-05-27 18:28:00', 'E', 'A', 1, NULL, 0),
(725, 27, '2026-05-27 17:05:00', '2026-05-27 17:50:00', 'E', 'A', 4, NULL, 0),
(726, 27, '2026-05-27 17:06:00', '2026-05-27 17:48:00', 'E', 'V', 3, NULL, 1),
(727, 130, '2026-05-27 19:20:00', '2026-05-27 20:45:00', 'E', 'A', 1, NULL, 0),
(728, 84, '2026-05-27 17:20:00', '2026-05-27 18:55:00', 'E', 'A', 1, NULL, 0),
(729, 3, '2026-05-27 06:20:00', '2026-05-27 07:59:00', 'E', 'A', 1, NULL, 0),
(730, 79, '2026-05-27 18:15:00', '2026-05-27 19:40:00', 'E', 'A', 1, NULL, 0),
(731, 120, '2026-05-27 19:20:00', '2026-05-27 20:20:00', 'E', 'A', 4, NULL, 0),
(732, 53, '2026-05-27 08:20:00', '2026-05-27 09:25:00', 'E', 'A', 1, NULL, 0),
(733, 14, '2026-05-27 17:30:00', '2026-05-27 18:34:00', 'E', 'A', 1, NULL, 0),
(734, 64, '2026-05-27 20:20:00', '2026-05-27 21:53:00', 'E', 'A', 1, NULL, 0),
(735, 96, '2026-05-27 17:30:00', '2026-05-27 19:00:00', 'E', 'A', 1, NULL, 0),
(736, 97, '2026-05-27 12:20:00', '2026-05-27 13:36:00', 'E', 'A', 4, NULL, 0),
(737, 80, '2026-05-27 08:05:00', '2026-05-27 08:52:00', 'E', 'A', 1, NULL, 0),
(738, 70, '2026-05-27 07:05:00', '2026-05-27 08:26:00', 'E', 'A', 1, NULL, 0),
(739, 13, '2026-05-27 17:10:00', '2026-05-27 18:21:00', 'E', 'A', 4, NULL, 0),
(740, 82, '2026-05-27 17:15:00', '2026-05-27 18:09:00', 'E', 'A', 1, NULL, 0),
(741, 57, '2026-05-27 12:15:00', '2026-05-27 13:20:00', 'E', 'A', 1, NULL, 0),
(742, 65, '2026-05-27 18:30:00', '2026-05-27 19:19:00', 'E', 'A', 1, NULL, 0),
(743, 75, '2026-05-27 17:20:00', '2026-05-27 18:05:00', 'E', 'A', 1, NULL, 0),
(744, 104, '2026-05-27 07:20:00', '2026-05-27 08:08:00', 'E', 'A', 1, NULL, 0),
(745, 5, '2026-05-27 08:10:00', '2026-05-27 09:09:00', 'E', 'A', 1, NULL, 0),
(746, 5, '2026-05-27 08:13:00', '2026-05-27 09:06:00', 'E', 'V', 3, NULL, 1),
(747, 86, '2026-05-27 18:05:00', '2026-05-27 19:24:00', 'E', 'A', 1, NULL, 0),
(748, 38, '2026-05-27 12:20:00', '2026-05-27 13:42:00', 'E', 'A', 4, NULL, 0),
(749, 54, '2026-05-27 17:15:00', '2026-05-27 18:24:00', 'E', 'A', 1, NULL, 0),
(750, 28, '2026-05-27 19:10:00', '2026-05-27 20:45:00', 'E', 'A', 1, NULL, 0);
INSERT INTO acessos_catraca (id, id_aluno, data_hora_entrada, data_hora_saida, sentido_acesso, tipo_acesso, id_dispositivo_catraca, motivo_bloqueio, foi_liberacao_manual) VALUES
(751, 29, '2026-05-27 12:45:00', '2026-05-27 13:56:00', 'E', 'A', 4, NULL, 0),
(752, 100, '2026-05-27 18:10:00', '2026-05-27 19:35:00', 'E', 'A', 1, NULL, 0),
(753, 59, '2026-05-27 18:10:00', '2026-05-27 19:03:00', 'E', 'A', 4, NULL, 0),
(754, 71, '2026-05-27 17:20:00', '2026-05-27 18:57:00', 'E', 'A', 1, NULL, 0),
(755, 91, '2026-05-28 06:10:00', '2026-05-28 07:22:00', 'E', 'A', 1, NULL, 0),
(756, 102, '2026-05-28 18:45:00', '2026-05-28 19:39:00', 'E', 'A', 4, NULL, 0),
(757, 8, '2026-05-28 19:05:00', '2026-05-28 20:15:00', 'E', 'A', 1, NULL, 0),
(758, 30, '2026-05-28 20:15:00', '2026-05-28 21:15:00', 'E', 'A', 1, NULL, 0),
(759, 47, '2026-05-28 18:05:00', '2026-05-28 18:52:00', 'E', 'A', 1, NULL, 0),
(760, 47, '2026-05-28 18:06:00', '2026-05-28 18:45:00', 'E', 'V', 3, NULL, 1),
(761, 104, '2026-05-28 19:15:00', '2026-05-28 20:04:00', 'E', 'A', 1, NULL, 0),
(762, 104, '2026-05-28 18:55:00', NULL, 'E', 'A', 1, 'Fatura pendente', 0),
(763, 42, '2026-05-28 19:15:00', '2026-05-28 20:38:00', 'E', 'A', 1, NULL, 0),
(764, 55, '2026-05-28 06:45:00', '2026-05-28 08:10:00', 'E', 'A', 4, NULL, 0),
(765, 131, '2026-05-28 18:15:00', '2026-05-28 20:03:00', 'E', 'A', 1, NULL, 0),
(766, 24, '2026-05-28 07:05:00', '2026-05-28 07:56:00', 'E', 'A', 1, NULL, 0),
(767, 46, '2026-05-28 19:30:00', '2026-05-28 21:10:00', 'E', 'A', 1, NULL, 0),
(768, 32, '2026-05-28 19:10:00', '2026-05-28 19:55:00', 'E', 'A', 1, NULL, 0),
(769, 10, '2026-05-28 07:10:00', '2026-05-28 08:04:00', 'E', 'A', 1, NULL, 0),
(770, 28, '2026-05-28 19:10:00', '2026-05-28 20:16:00', 'E', 'A', 1, NULL, 0),
(771, 85, '2026-05-28 12:05:00', '2026-05-28 13:42:00', 'E', 'A', 4, NULL, 0),
(772, 48, '2026-05-28 08:15:00', '2026-05-28 10:02:00', 'E', 'A', 1, NULL, 0),
(773, 117, '2026-05-28 08:10:00', '2026-05-28 09:32:00', 'E', 'A', 1, NULL, 0),
(774, 19, '2026-05-28 08:30:00', '2026-05-28 09:41:00', 'E', 'A', 1, NULL, 0),
(775, 100, '2026-05-28 08:30:00', '2026-05-28 09:42:00', 'E', 'A', 4, NULL, 0),
(776, 41, '2026-05-28 07:05:00', '2026-05-28 08:55:00', 'E', 'A', 1, NULL, 0),
(777, 16, '2026-05-28 17:05:00', '2026-05-28 18:54:00', 'E', 'A', 1, NULL, 0),
(778, 2, '2026-05-28 12:15:00', '2026-05-28 14:05:00', 'E', 'A', 1, NULL, 0),
(779, 113, '2026-05-28 08:05:00', '2026-05-28 09:29:00', 'E', 'A', 1, NULL, 0),
(780, 89, '2026-05-28 19:05:00', '2026-05-28 19:52:00', 'E', 'A', 4, NULL, 0),
(781, 111, '2026-05-28 18:15:00', '2026-05-28 19:45:00', 'E', 'A', 1, NULL, 0),
(782, 92, '2026-05-28 12:05:00', '2026-05-28 13:09:00', 'E', 'A', 4, NULL, 0),
(783, 43, '2026-05-28 06:10:00', '2026-05-28 07:42:00', 'E', 'A', 1, NULL, 0),
(784, 119, '2026-05-28 20:05:00', '2026-05-28 21:27:00', 'E', 'A', 1, NULL, 0),
(785, 60, '2026-05-28 17:15:00', '2026-05-28 18:55:00', 'E', 'A', 1, NULL, 0),
(786, 73, '2026-05-28 20:05:00', '2026-05-28 21:04:00', 'E', 'A', 1, NULL, 0),
(787, 124, '2026-05-28 08:20:00', '2026-05-28 09:17:00', 'E', 'A', 1, NULL, 0),
(788, 126, '2026-05-28 18:15:00', '2026-05-28 19:50:00', 'E', 'A', 1, NULL, 0),
(789, 129, '2026-05-28 18:15:00', '2026-05-28 19:26:00', 'E', 'A', 1, NULL, 0),
(790, 72, '2026-05-28 12:20:00', '2026-05-28 13:41:00', 'E', 'A', 1, NULL, 0),
(791, 79, '2026-05-29 07:45:00', '2026-05-29 08:32:00', 'E', 'A', 1, NULL, 0),
(792, 62, '2026-05-29 07:05:00', '2026-05-29 08:02:00', 'E', 'A', 1, NULL, 0),
(793, 44, '2026-05-29 17:30:00', '2026-05-29 18:59:00', 'E', 'A', 1, NULL, 0),
(794, 81, '2026-05-29 17:45:00', '2026-05-29 19:15:00', 'E', 'A', 1, NULL, 0),
(795, 18, '2026-05-29 19:45:00', '2026-05-29 21:31:00', 'E', 'A', 1, NULL, 0),
(796, 22, '2026-05-29 18:05:00', '2026-05-29 19:42:00', 'E', 'A', 1, NULL, 0),
(797, 24, '2026-05-29 17:05:00', '2026-05-29 18:45:00', 'E', 'A', 1, NULL, 0),
(798, 43, '2026-05-29 20:15:00', '2026-05-29 21:13:00', 'E', 'A', 1, NULL, 0),
(799, 116, '2026-05-29 19:15:00', '2026-05-29 20:22:00', 'E', 'A', 1, NULL, 0),
(800, 59, '2026-05-29 12:20:00', '2026-05-29 13:58:00', 'E', 'A', 1, NULL, 0),
(801, 19, '2026-05-29 17:10:00', '2026-05-29 18:10:00', 'E', 'A', 4, NULL, 0),
(802, 2, '2026-05-29 19:10:00', '2026-05-29 20:31:00', 'E', 'A', 1, NULL, 0),
(803, 86, '2026-05-29 18:15:00', '2026-05-29 19:19:00', 'E', 'A', 1, NULL, 0),
(804, 61, '2026-05-29 12:10:00', '2026-05-29 13:03:00', 'E', 'A', 1, NULL, 0),
(805, 61, '2026-05-29 12:11:00', '2026-05-29 13:00:00', 'E', 'V', 3, NULL, 1),
(806, 55, '2026-05-29 18:00:00', '2026-05-29 19:47:00', 'E', 'A', 1, NULL, 0),
(807, 55, '2026-05-29 18:06:00', '2026-05-29 19:37:00', 'E', 'V', 3, NULL, 1),
(808, 125, '2026-05-29 06:05:00', '2026-05-29 07:34:00', 'E', 'A', 1, NULL, 0),
(809, 3, '2026-05-29 20:20:00', '2026-05-29 21:24:00', 'E', 'A', 1, NULL, 0),
(810, 23, '2026-05-29 18:15:00', '2026-05-29 19:10:00', 'E', 'A', 1, NULL, 0),
(811, 34, '2026-05-29 12:45:00', '2026-05-29 14:19:00', 'E', 'A', 4, NULL, 0),
(812, 113, '2026-05-29 19:10:00', '2026-05-29 20:34:00', 'E', 'A', 1, NULL, 0),
(813, 10, '2026-05-29 12:20:00', '2026-05-29 13:22:00', 'E', 'A', 1, NULL, 0),
(814, 127, '2026-05-29 07:10:00', '2026-05-29 08:05:00', 'E', 'A', 1, NULL, 0),
(815, 87, '2026-05-29 18:15:00', '2026-05-29 19:55:00', 'E', 'A', 1, NULL, 0),
(816, 98, '2026-05-29 12:30:00', '2026-05-29 14:00:00', 'E', 'A', 4, NULL, 0),
(817, 121, '2026-05-29 20:15:00', '2026-05-29 21:03:00', 'E', 'A', 1, NULL, 0),
(818, 77, '2026-05-29 19:20:00', '2026-05-29 20:43:00', 'E', 'A', 1, NULL, 0),
(819, 46, '2026-05-29 18:20:00', '2026-05-29 19:42:00', 'E', 'A', 1, NULL, 0),
(820, 119, '2026-05-29 17:00:00', '2026-05-29 18:44:00', 'E', 'A', 4, NULL, 0),
(821, 75, '2026-05-29 08:30:00', '2026-05-29 09:28:00', 'E', 'A', 1, NULL, 0),
(822, 1, '2026-05-29 18:30:00', '2026-05-29 19:57:00', 'E', 'A', 1, NULL, 0),
(823, 63, '2026-05-29 17:30:00', '2026-05-29 18:21:00', 'E', 'A', 1, NULL, 0),
(824, 32, '2026-05-29 20:05:00', '2026-05-29 21:18:00', 'E', 'A', 1, NULL, 0),
(825, 105, '2026-05-29 20:00:00', '2026-05-29 21:47:00', 'E', 'A', 1, NULL, 0),
(826, 105, '2026-05-29 19:36:00', NULL, 'E', 'A', 1, 'Fatura pendente', 0),
(827, 25, '2026-05-30 07:45:00', '2026-05-30 09:00:00', 'E', 'A', 1, NULL, 0),
(828, 64, '2026-05-30 08:15:00', '2026-05-30 09:37:00', 'E', 'A', 1, NULL, 0),
(829, 53, '2026-05-30 17:30:00', '2026-05-30 18:50:00', 'E', 'A', 4, NULL, 0),
(830, 27, '2026-05-30 17:45:00', '2026-05-30 19:24:00', 'E', 'A', 1, NULL, 0),
(831, 27, '2026-05-30 17:53:00', '2026-05-30 19:23:00', 'E', 'V', 3, NULL, 1),
(832, 122, '2026-05-30 06:10:00', '2026-05-30 06:59:00', 'E', 'A', 4, NULL, 0),
(833, 122, '2026-05-30 06:16:00', '2026-05-30 06:57:00', 'E', 'V', 3, NULL, 1),
(834, 4, '2026-05-30 18:10:00', '2026-05-30 18:56:00', 'E', 'A', 1, NULL, 0),
(835, 107, '2026-05-30 17:10:00', '2026-05-30 18:44:00', 'E', 'A', 1, NULL, 0),
(836, 65, '2026-05-30 18:20:00', '2026-05-30 19:48:00', 'E', 'A', 4, NULL, 0),
(837, 57, '2026-05-30 08:45:00', '2026-05-30 10:08:00', 'E', 'A', 4, NULL, 0),
(838, 51, '2026-05-30 17:15:00', '2026-05-30 18:23:00', 'E', 'A', 1, NULL, 0),
(839, 8, '2026-05-30 20:10:00', '2026-05-30 21:46:00', 'E', 'A', 1, NULL, 0),
(840, 8, '2026-05-30 20:13:00', '2026-05-30 21:43:00', 'E', 'V', 3, NULL, 1),
(841, 119, '2026-05-30 07:30:00', '2026-05-30 09:15:00', 'E', 'A', 1, NULL, 0),
(842, 16, '2026-05-30 19:30:00', '2026-05-30 20:45:00', 'E', 'A', 1, NULL, 0),
(843, 39, '2026-05-30 19:45:00', '2026-05-30 21:23:00', 'E', 'A', 1, NULL, 0),
(844, 52, '2026-05-30 06:30:00', '2026-05-30 07:24:00', 'E', 'A', 4, NULL, 0),
(845, 62, '2026-05-30 19:05:00', '2026-05-30 20:31:00', 'E', 'A', 1, NULL, 0),
(846, 24, '2026-05-30 20:20:00', '2026-05-30 21:30:00', 'E', 'A', 1, NULL, 0),
(847, 105, '2026-05-30 12:05:00', '2026-05-30 13:10:00', 'E', 'A', 4, NULL, 0),
(848, 31, '2026-05-30 07:20:00', '2026-05-30 08:08:00', 'E', 'A', 1, NULL, 0),
(849, 108, '2026-05-30 19:10:00', '2026-05-30 20:47:00', 'E', 'A', 1, NULL, 0),
(850, 109, '2026-05-30 20:30:00', '2026-05-30 22:18:00', 'E', 'A', 1, NULL, 0),
(851, 70, '2026-05-30 17:10:00', '2026-05-30 18:40:00', 'E', 'A', 1, NULL, 0),
(852, 34, '2026-05-30 18:45:00', '2026-05-30 19:39:00', 'E', 'A', 1, NULL, 0),
(853, 106, '2026-05-30 07:15:00', '2026-05-30 08:29:00', 'E', 'A', 1, NULL, 0),
(854, 79, '2026-05-30 08:10:00', '2026-05-30 09:27:00', 'E', 'A', 4, NULL, 0),
(855, 88, '2026-05-30 19:10:00', '2026-05-30 20:04:00', 'E', 'A', 1, NULL, 0),
(856, 124, '2026-05-30 17:15:00', '2026-05-30 18:07:00', 'E', 'A', 1, NULL, 0),
(857, 85, '2026-05-30 20:30:00', '2026-05-30 21:18:00', 'E', 'A', 1, NULL, 0),
(858, 113, '2026-05-30 12:45:00', '2026-05-30 13:37:00', 'E', 'A', 1, NULL, 0),
(859, 120, '2026-05-30 12:45:00', '2026-05-30 13:37:00', 'E', 'A', 1, NULL, 0),
(860, 56, '2026-05-30 18:20:00', '2026-05-30 19:09:00', 'E', 'A', 1, NULL, 0),
(861, 19, '2026-05-30 18:20:00', '2026-05-30 19:15:00', 'E', 'A', 4, NULL, 0),
(862, 82, '2026-05-30 06:00:00', '2026-05-30 07:48:00', 'E', 'A', 1, NULL, 0),
(863, 3, '2026-05-30 12:45:00', '2026-05-30 13:59:00', 'E', 'A', 1, NULL, 0),
(864, 51, '2026-05-31 17:15:00', '2026-05-31 18:17:00', 'E', 'A', 1, NULL, 0),
(865, 98, '2026-05-31 20:10:00', '2026-05-31 21:40:00', 'E', 'A', 1, NULL, 0),
(866, 5, '2026-05-31 08:00:00', '2026-05-31 08:46:00', 'E', 'A', 1, NULL, 0),
(867, 124, '2026-05-31 19:20:00', '2026-05-31 20:10:00', 'E', 'A', 1, NULL, 0),
(868, 14, '2026-05-31 06:00:00', '2026-05-31 07:01:00', 'E', 'A', 4, NULL, 0),
(869, 100, '2026-05-31 12:30:00', '2026-05-31 13:46:00', 'E', 'A', 1, NULL, 0),
(870, 97, '2026-05-31 18:30:00', '2026-05-31 19:24:00', 'E', 'A', 1, NULL, 0),
(871, 33, '2026-05-31 17:30:00', '2026-05-31 19:00:00', 'E', 'A', 1, NULL, 0),
(872, 75, '2026-06-01 07:05:00', '2026-06-01 08:46:00', 'E', 'A', 4, NULL, 0),
(873, 75, '2026-06-01 06:59:00', NULL, 'E', 'A', 1, 'Plano inativo', 0),
(874, 63, '2026-06-01 08:15:00', '2026-06-01 09:38:00', 'E', 'A', 1, NULL, 0),
(875, 69, '2026-06-01 12:00:00', '2026-06-01 13:33:00', 'E', 'A', 4, NULL, 0),
(876, 82, '2026-06-01 12:30:00', '2026-06-01 14:10:00', 'E', 'A', 1, NULL, 0),
(877, 27, '2026-06-01 19:00:00', '2026-06-01 20:28:00', 'E', 'A', 1, NULL, 0),
(878, 7, '2026-06-01 19:10:00', '2026-06-01 20:50:00', 'E', 'A', 4, NULL, 0),
(879, 45, '2026-06-01 19:45:00', '2026-06-01 20:43:00', 'E', 'A', 4, NULL, 0),
(880, 116, '2026-06-01 12:20:00', '2026-06-01 14:04:00', 'E', 'A', 4, NULL, 0),
(881, 53, '2026-06-01 17:05:00', '2026-06-01 18:38:00', 'E', 'A', 4, NULL, 0),
(882, 91, '2026-06-01 07:00:00', '2026-06-01 08:20:00', 'E', 'A', 1, NULL, 0),
(883, 122, '2026-06-01 18:10:00', '2026-06-01 19:45:00', 'E', 'A', 1, NULL, 0),
(884, 80, '2026-06-01 18:45:00', '2026-06-01 19:31:00', 'E', 'A', 1, NULL, 0),
(885, 131, '2026-06-01 19:45:00', '2026-06-01 20:52:00', 'E', 'A', 4, NULL, 0),
(886, 36, '2026-06-01 17:10:00', '2026-06-01 18:56:00', 'E', 'A', 1, NULL, 0),
(887, 11, '2026-06-01 06:20:00', '2026-06-01 07:45:00', 'E', 'A', 1, NULL, 0),
(888, 128, '2026-06-01 19:10:00', '2026-06-01 20:58:00', 'E', 'A', 1, NULL, 0),
(889, 18, '2026-06-01 19:30:00', '2026-06-01 20:21:00', 'E', 'A', 1, NULL, 0),
(890, 108, '2026-06-01 18:45:00', '2026-06-01 20:26:00', 'E', 'A', 1, NULL, 0),
(891, 108, '2026-06-01 18:49:00', '2026-06-01 20:26:00', 'E', 'V', 3, NULL, 1),
(892, 67, '2026-06-01 20:10:00', '2026-06-01 20:57:00', 'E', 'A', 1, NULL, 0),
(893, 30, '2026-06-01 08:00:00', '2026-06-01 08:54:00', 'E', 'A', 4, NULL, 0),
(894, 40, '2026-06-01 08:20:00', '2026-06-01 09:52:00', 'E', 'A', 4, NULL, 0),
(895, 95, '2026-06-01 12:00:00', '2026-06-01 13:26:00', 'E', 'A', 1, NULL, 0),
(896, 71, '2026-06-01 18:15:00', '2026-06-01 19:37:00', 'E', 'A', 1, NULL, 0),
(897, 117, '2026-06-01 20:20:00', '2026-06-01 21:08:00', 'E', 'A', 1, NULL, 0),
(898, 16, '2026-06-01 17:45:00', '2026-06-01 19:35:00', 'E', 'A', 1, NULL, 0),
(899, 48, '2026-06-01 18:30:00', '2026-06-01 19:34:00', 'E', 'A', 4, NULL, 0),
(900, 93, '2026-06-01 20:05:00', '2026-06-01 21:54:00', 'E', 'A', 4, NULL, 0),
(901, 105, '2026-06-01 19:45:00', '2026-06-01 20:36:00', 'E', 'A', 4, NULL, 0),
(902, 101, '2026-06-01 12:05:00', '2026-06-01 13:27:00', 'E', 'A', 1, NULL, 0),
(903, 60, '2026-06-02 08:15:00', '2026-06-02 09:17:00', 'E', 'A', 1, NULL, 0),
(904, 117, '2026-06-02 07:15:00', '2026-06-02 08:53:00', 'E', 'A', 1, NULL, 0),
(905, 81, '2026-06-02 19:05:00', '2026-06-02 20:48:00', 'E', 'A', 1, NULL, 0),
(906, 30, '2026-06-02 19:30:00', '2026-06-02 21:15:00', 'E', 'A', 1, NULL, 0),
(907, 62, '2026-06-02 17:30:00', '2026-06-02 18:36:00', 'E', 'A', 1, NULL, 0),
(908, 57, '2026-06-02 19:15:00', '2026-06-02 20:45:00', 'E', 'A', 1, NULL, 0),
(909, 94, '2026-06-02 18:00:00', '2026-06-02 19:28:00', 'E', 'A', 1, NULL, 0),
(910, 123, '2026-06-02 20:00:00', '2026-06-02 20:54:00', 'E', 'A', 1, NULL, 0),
(911, 113, '2026-06-02 18:30:00', '2026-06-02 20:10:00', 'E', 'A', 1, NULL, 0),
(912, 53, '2026-06-02 18:30:00', '2026-06-02 20:20:00', 'E', 'A', 1, NULL, 0),
(913, 53, '2026-06-02 18:07:00', NULL, 'E', 'A', 1, 'Plano inativo', 0),
(914, 47, '2026-06-02 18:15:00', '2026-06-02 19:48:00', 'E', 'A', 1, NULL, 0),
(915, 11, '2026-06-02 18:45:00', '2026-06-02 19:42:00', 'E', 'A', 1, NULL, 0),
(916, 46, '2026-06-02 18:20:00', '2026-06-02 20:10:00', 'E', 'A', 4, NULL, 0),
(917, 72, '2026-06-02 19:05:00', '2026-06-02 19:55:00', 'E', 'A', 1, NULL, 0),
(918, 65, '2026-06-02 19:10:00', '2026-06-02 20:07:00', 'E', 'A', 1, NULL, 0),
(919, 10, '2026-06-02 08:15:00', '2026-06-02 09:28:00', 'E', 'A', 1, NULL, 0),
(920, 122, '2026-06-02 20:45:00', '2026-06-02 21:43:00', 'E', 'A', 1, NULL, 0),
(921, 84, '2026-06-02 08:45:00', '2026-06-02 10:35:00', 'E', 'A', 1, NULL, 0),
(922, 84, '2026-06-02 08:46:00', '2026-06-02 10:27:00', 'E', 'V', 3, NULL, 1),
(923, 128, '2026-06-02 07:15:00', '2026-06-02 08:03:00', 'E', 'A', 1, NULL, 0),
(924, 78, '2026-06-02 18:30:00', '2026-06-02 20:11:00', 'E', 'A', 1, NULL, 0),
(925, 129, '2026-06-02 07:30:00', '2026-06-02 08:30:00', 'E', 'A', 4, NULL, 0),
(926, 58, '2026-06-02 06:05:00', '2026-06-02 07:25:00', 'E', 'A', 1, NULL, 0),
(927, 101, '2026-06-02 19:05:00', '2026-06-02 19:59:00', 'E', 'A', 1, NULL, 0),
(928, 54, '2026-06-02 17:30:00', '2026-06-02 19:20:00', 'E', 'A', 1, NULL, 0),
(929, 112, '2026-06-02 20:15:00', '2026-06-02 21:12:00', 'E', 'A', 1, NULL, 0),
(930, 73, '2026-06-02 19:30:00', '2026-06-02 20:19:00', 'E', 'A', 1, NULL, 0),
(931, 106, '2026-06-02 19:05:00', '2026-06-02 20:15:00', 'E', 'A', 1, NULL, 0),
(932, 17, '2026-06-02 07:15:00', '2026-06-02 08:36:00', 'E', 'A', 1, NULL, 0),
(933, 69, '2026-06-02 20:45:00', '2026-06-02 21:57:00', 'E', 'A', 1, NULL, 0),
(934, 46, '2026-06-03 18:20:00', '2026-06-03 19:50:00', 'E', 'A', 4, NULL, 0),
(935, 10, '2026-06-03 20:45:00', '2026-06-03 22:06:00', 'E', 'A', 4, NULL, 0),
(936, 108, '2026-06-03 18:00:00', '2026-06-03 19:07:00', 'E', 'A', 4, NULL, 0),
(937, 68, '2026-06-03 12:15:00', '2026-06-03 13:16:00', 'E', 'A', 4, NULL, 0),
(938, 98, '2026-06-03 18:30:00', '2026-06-03 19:45:00', 'E', 'A', 1, NULL, 0),
(939, 81, '2026-06-03 19:45:00', '2026-06-03 21:22:00', 'E', 'A', 1, NULL, 0),
(940, 75, '2026-06-03 18:15:00', '2026-06-03 19:50:00', 'E', 'A', 4, NULL, 0),
(941, 31, '2026-06-03 06:15:00', '2026-06-03 07:28:00', 'E', 'A', 1, NULL, 0),
(942, 82, '2026-06-03 17:05:00', '2026-06-03 18:11:00', 'E', 'A', 1, NULL, 0),
(943, 45, '2026-06-03 20:20:00', '2026-06-03 21:47:00', 'E', 'A', 1, NULL, 0),
(944, 45, '2026-06-03 19:52:00', NULL, 'E', 'A', 1, 'Fatura pendente', 0),
(945, 62, '2026-06-03 19:00:00', '2026-06-03 20:27:00', 'E', 'A', 1, NULL, 0),
(946, 129, '2026-06-03 18:20:00', '2026-06-03 19:31:00', 'E', 'A', 1, NULL, 0),
(947, 85, '2026-06-03 19:15:00', '2026-06-03 20:29:00', 'E', 'A', 1, NULL, 0),
(948, 24, '2026-06-03 12:05:00', '2026-06-03 13:21:00', 'E', 'A', 1, NULL, 0),
(949, 24, '2026-06-03 12:06:00', '2026-06-03 13:13:00', 'E', 'V', 3, NULL, 1),
(950, 113, '2026-06-03 12:15:00', '2026-06-03 13:05:00', 'E', 'A', 1, NULL, 0),
(951, 113, '2026-06-03 11:50:00', NULL, 'E', 'A', 1, 'Limite diario de acessos atingido', 0),
(952, 39, '2026-06-03 08:10:00', '2026-06-03 09:10:00', 'E', 'A', 4, NULL, 0),
(953, 130, '2026-06-03 19:10:00', '2026-06-03 20:05:00', 'E', 'A', 1, NULL, 0),
(954, 30, '2026-06-03 19:15:00', '2026-06-03 20:02:00', 'E', 'A', 1, NULL, 0),
(955, 118, '2026-06-03 19:00:00', '2026-06-03 20:35:00', 'E', 'A', 1, NULL, 0),
(956, 38, '2026-06-03 19:15:00', '2026-06-03 21:05:00', 'E', 'A', 1, NULL, 0),
(957, 86, '2026-06-03 06:30:00', '2026-06-03 08:15:00', 'E', 'A', 4, NULL, 0),
(958, 63, '2026-06-03 20:20:00', '2026-06-03 21:40:00', 'E', 'A', 4, NULL, 0),
(959, 111, '2026-06-03 17:15:00', '2026-06-03 18:02:00', 'E', 'A', 4, NULL, 0),
(960, 102, '2026-06-03 19:30:00', '2026-06-03 20:28:00', 'E', 'A', 4, NULL, 0),
(961, 60, '2026-06-04 08:45:00', '2026-06-04 10:33:00', 'E', 'A', 1, NULL, 0),
(962, 115, '2026-06-04 19:00:00', '2026-06-04 20:26:00', 'E', 'A', 4, NULL, 0),
(963, 95, '2026-06-04 08:20:00', '2026-06-04 10:07:00', 'E', 'A', 4, NULL, 0),
(964, 123, '2026-06-04 12:30:00', '2026-06-04 14:16:00', 'E', 'A', 1, NULL, 0),
(965, 28, '2026-06-04 06:05:00', '2026-06-04 06:51:00', 'E', 'A', 1, NULL, 0),
(966, 83, '2026-06-04 07:45:00', '2026-06-04 08:44:00', 'E', 'A', 1, NULL, 0),
(967, 40, '2026-06-04 18:20:00', '2026-06-04 20:07:00', 'E', 'A', 1, NULL, 0),
(968, 43, '2026-06-04 12:10:00', '2026-06-04 13:10:00', 'E', 'A', 4, NULL, 0),
(969, 19, '2026-06-04 19:10:00', '2026-06-04 20:36:00', 'E', 'A', 1, NULL, 0),
(970, 104, '2026-06-04 12:30:00', '2026-06-04 13:41:00', 'E', 'A', 1, NULL, 0),
(971, 81, '2026-06-04 17:10:00', '2026-06-04 18:12:00', 'E', 'A', 1, NULL, 0),
(972, 11, '2026-06-04 06:15:00', '2026-06-04 07:22:00', 'E', 'A', 1, NULL, 0),
(973, 13, '2026-06-04 06:30:00', '2026-06-04 07:39:00', 'E', 'A', 1, NULL, 0),
(974, 72, '2026-06-04 12:00:00', '2026-06-04 13:44:00', 'E', 'A', 1, NULL, 0),
(975, 22, '2026-06-04 19:10:00', '2026-06-04 19:56:00', 'E', 'A', 1, NULL, 0),
(976, 27, '2026-06-04 19:20:00', '2026-06-04 20:44:00', 'E', 'A', 1, NULL, 0),
(977, 111, '2026-06-04 08:20:00', '2026-06-04 09:30:00', 'E', 'A', 1, NULL, 0),
(978, 63, '2026-06-04 08:05:00', '2026-06-04 09:23:00', 'E', 'A', 1, NULL, 0),
(979, 76, '2026-06-04 18:15:00', '2026-06-04 19:42:00', 'E', 'A', 1, NULL, 0),
(980, 32, '2026-06-04 18:15:00', '2026-06-04 19:26:00', 'E', 'A', 1, NULL, 0),
(981, 32, '2026-06-04 18:19:00', '2026-06-04 19:23:00', 'E', 'V', 3, NULL, 1),
(982, 121, '2026-06-04 19:05:00', '2026-06-04 20:08:00', 'E', 'A', 1, NULL, 0),
(983, 121, '2026-06-04 18:58:00', NULL, 'E', 'A', 1, 'Fatura pendente', 0),
(984, 124, '2026-06-04 07:45:00', '2026-06-04 09:26:00', 'E', 'A', 4, NULL, 0),
(985, 52, '2026-06-04 17:00:00', '2026-06-04 18:15:00', 'E', 'A', 4, NULL, 0),
(986, 79, '2026-06-04 17:10:00', '2026-06-04 18:35:00', 'E', 'A', 1, NULL, 0),
(987, 108, '2026-06-04 20:30:00', '2026-06-04 21:50:00', 'E', 'A', 1, NULL, 0),
(988, 61, '2026-06-04 17:45:00', '2026-06-04 19:02:00', 'E', 'A', 1, NULL, 0),
(989, 67, '2026-06-04 12:00:00', '2026-06-04 13:31:00', 'E', 'A', 4, NULL, 0),
(990, 93, '2026-06-04 17:20:00', '2026-06-04 18:29:00', 'E', 'A', 4, NULL, 0),
(991, 73, '2026-06-04 20:05:00', '2026-06-04 21:46:00', 'E', 'A', 1, NULL, 0),
(992, 73, '2026-06-04 19:51:00', NULL, 'E', 'A', 1, 'Plano inativo', 0),
(993, 98, '2026-06-04 06:10:00', '2026-06-04 07:27:00', 'E', 'A', 1, NULL, 0),
(994, 123, '2026-06-05 07:10:00', '2026-06-05 07:58:00', 'E', 'A', 1, NULL, 0),
(995, 102, '2026-06-05 19:00:00', '2026-06-05 20:38:00', 'E', 'A', 1, NULL, 0),
(996, 12, '2026-06-05 06:00:00', '2026-06-05 07:20:00', 'E', 'A', 1, NULL, 0),
(997, 65, '2026-06-05 12:30:00', '2026-06-05 13:55:00', 'E', 'A', 1, NULL, 0),
(998, 71, '2026-06-05 20:20:00', '2026-06-05 21:06:00', 'E', 'A', 4, NULL, 0),
(999, 81, '2026-06-05 06:05:00', '2026-06-05 07:54:00', 'E', 'A', 1, NULL, 0),
(1000, 8, '2026-06-05 17:10:00', '2026-06-05 18:20:00', 'E', 'A', 4, NULL, 0);
INSERT INTO acessos_catraca (id, id_aluno, data_hora_entrada, data_hora_saida, sentido_acesso, tipo_acesso, id_dispositivo_catraca, motivo_bloqueio, foi_liberacao_manual) VALUES
(1001, 125, '2026-06-05 19:00:00', '2026-06-05 20:24:00', 'E', 'A', 1, NULL, 0),
(1002, 74, '2026-06-05 17:45:00', '2026-06-05 18:41:00', 'E', 'A', 4, NULL, 0),
(1003, 106, '2026-06-05 07:00:00', '2026-06-05 08:08:00', 'E', 'A', 1, NULL, 0),
(1004, 4, '2026-06-05 19:45:00', '2026-06-05 20:31:00', 'E', 'A', 1, NULL, 0),
(1005, 111, '2026-06-05 19:05:00', '2026-06-05 20:29:00', 'E', 'A', 1, NULL, 0),
(1006, 92, '2026-06-05 12:15:00', '2026-06-05 13:36:00', 'E', 'A', 1, NULL, 0),
(1007, 119, '2026-06-05 17:45:00', '2026-06-05 18:54:00', 'E', 'A', 1, NULL, 0),
(1008, 61, '2026-06-05 12:30:00', '2026-06-05 14:11:00', 'E', 'A', 1, NULL, 0),
(1009, 78, '2026-06-05 12:45:00', '2026-06-05 14:27:00', 'E', 'A', 1, NULL, 0),
(1010, 78, '2026-06-05 12:52:00', '2026-06-05 14:25:00', 'E', 'V', 3, NULL, 1),
(1011, 127, '2026-06-05 08:30:00', '2026-06-05 10:10:00', 'E', 'A', 1, NULL, 0),
(1012, 59, '2026-06-05 12:10:00', '2026-06-05 13:59:00', 'E', 'A', 1, NULL, 0),
(1013, 63, '2026-06-05 08:15:00', '2026-06-05 09:33:00', 'E', 'A', 1, NULL, 0),
(1014, 23, '2026-06-05 18:15:00', '2026-06-05 19:17:00', 'E', 'A', 4, NULL, 0),
(1015, 118, '2026-06-05 12:20:00', '2026-06-05 13:09:00', 'E', 'A', 1, NULL, 0),
(1016, 96, '2026-06-05 19:00:00', '2026-06-05 20:05:00', 'E', 'A', 4, NULL, 0),
(1017, 83, '2026-06-05 19:05:00', '2026-06-05 20:35:00', 'E', 'A', 1, NULL, 0),
(1018, 97, '2026-06-05 19:15:00', '2026-06-05 20:58:00', 'E', 'A', 4, NULL, 0),
(1019, 70, '2026-06-05 08:30:00', '2026-06-05 10:02:00', 'E', 'A', 1, NULL, 0),
(1020, 104, '2026-06-05 06:05:00', '2026-06-05 07:54:00', 'E', 'A', 1, NULL, 0),
(1021, 8, '2026-06-06 19:10:00', '2026-06-06 20:34:00', 'E', 'A', 1, NULL, 0),
(1022, 42, '2026-06-06 17:30:00', '2026-06-06 18:46:00', 'E', 'A', 1, NULL, 0),
(1023, 43, '2026-06-06 12:15:00', '2026-06-06 13:20:00', 'E', 'A', 1, NULL, 0),
(1024, 77, '2026-06-06 12:05:00', '2026-06-06 13:50:00', 'E', 'A', 4, NULL, 0),
(1025, 51, '2026-06-06 19:00:00', '2026-06-06 20:34:00', 'E', 'A', 1, NULL, 0),
(1026, 122, '2026-06-06 12:10:00', '2026-06-06 13:31:00', 'E', 'A', 4, NULL, 0),
(1027, 125, '2026-06-06 12:30:00', '2026-06-06 13:18:00', 'E', 'A', 1, NULL, 0),
(1028, 73, '2026-06-06 08:10:00', '2026-06-06 09:38:00', 'E', 'A', 1, NULL, 0),
(1029, 97, '2026-06-06 19:30:00', '2026-06-06 20:44:00', 'E', 'A', 1, NULL, 0),
(1030, 18, '2026-06-06 12:00:00', '2026-06-06 13:28:00', 'E', 'A', 4, NULL, 0),
(1031, 17, '2026-06-06 12:15:00', '2026-06-06 14:01:00', 'E', 'A', 1, NULL, 0),
(1032, 85, '2026-06-06 07:15:00', '2026-06-06 08:13:00', 'E', 'A', 4, NULL, 0),
(1033, 130, '2026-06-06 18:30:00', '2026-06-06 20:06:00', 'E', 'A', 1, NULL, 0),
(1034, 101, '2026-06-06 17:30:00', '2026-06-06 19:13:00', 'E', 'A', 1, NULL, 0),
(1035, 7, '2026-06-06 17:45:00', '2026-06-06 18:36:00', 'E', 'A', 1, NULL, 0),
(1036, 12, '2026-06-06 07:45:00', '2026-06-06 09:27:00', 'E', 'A', 1, NULL, 0),
(1037, 40, '2026-06-06 19:10:00', '2026-06-06 20:09:00', 'E', 'A', 1, NULL, 0),
(1038, 102, '2026-06-06 12:30:00', '2026-06-06 13:25:00', 'E', 'A', 1, NULL, 0),
(1039, 102, '2026-06-06 12:35:00', '2026-06-06 13:22:00', 'E', 'V', 3, NULL, 1),
(1040, 99, '2026-06-06 18:45:00', '2026-06-06 20:28:00', 'E', 'A', 4, NULL, 0),
(1041, 19, '2026-06-06 07:15:00', '2026-06-06 08:58:00', 'E', 'A', 1, NULL, 0),
(1042, 103, '2026-06-06 12:15:00', '2026-06-06 13:43:00', 'E', 'A', 1, NULL, 0),
(1043, 103, '2026-06-06 12:02:00', NULL, 'E', 'A', 1, 'Fatura pendente', 0),
(1044, 45, '2026-06-06 12:15:00', '2026-06-06 13:02:00', 'E', 'A', 4, NULL, 0),
(1045, 59, '2026-06-06 18:10:00', '2026-06-06 18:59:00', 'E', 'A', 4, NULL, 0),
(1046, 128, '2026-06-06 06:30:00', '2026-06-06 07:33:00', 'E', 'A', 4, NULL, 0),
(1047, 22, '2026-06-06 20:30:00', '2026-06-06 21:46:00', 'E', 'A', 4, NULL, 0),
(1048, 22, '2026-06-06 20:36:00', '2026-06-06 21:41:00', 'E', 'V', 3, NULL, 1),
(1049, 110, '2026-06-06 18:30:00', '2026-06-06 19:27:00', 'E', 'A', 4, NULL, 0),
(1050, 1, '2026-06-06 12:30:00', '2026-06-06 13:53:00', 'E', 'A', 4, NULL, 0),
(1051, 121, '2026-06-06 19:30:00', '2026-06-06 20:25:00', 'E', 'A', 4, NULL, 0),
(1052, 113, '2026-06-06 18:10:00', '2026-06-06 20:00:00', 'E', 'A', 1, NULL, 0),
(1053, 26, '2026-06-06 18:05:00', '2026-06-06 19:45:00', 'E', 'A', 1, NULL, 0),
(1054, 71, '2026-06-07 17:00:00', '2026-06-07 18:38:00', 'E', 'A', 1, NULL, 0),
(1055, 129, '2026-06-07 19:30:00', '2026-06-07 20:55:00', 'E', 'A', 1, NULL, 0),
(1056, 129, '2026-06-07 19:15:00', NULL, 'E', 'A', 1, 'Fatura pendente', 0),
(1057, 12, '2026-06-07 06:10:00', '2026-06-07 07:53:00', 'E', 'A', 4, NULL, 0),
(1058, 103, '2026-06-07 12:20:00', '2026-06-07 13:06:00', 'E', 'A', 1, NULL, 0),
(1059, 47, '2026-06-07 17:15:00', '2026-06-07 19:03:00', 'E', 'A', 1, NULL, 0),
(1060, 73, '2026-06-07 12:15:00', '2026-06-07 13:04:00', 'E', 'A', 1, NULL, 0),
(1061, 70, '2026-06-07 12:05:00', '2026-06-07 13:37:00', 'E', 'A', 1, NULL, 0),
(1062, 2, '2026-06-07 18:00:00', '2026-06-07 19:04:00', 'E', 'A', 1, NULL, 0),
(1063, 6, '2026-06-08 08:20:00', '2026-06-08 09:40:00', 'E', 'A', 1, NULL, 0),
(1064, 73, '2026-06-08 18:30:00', '2026-06-08 19:55:00', 'E', 'A', 4, NULL, 0),
(1065, 126, '2026-06-08 19:10:00', '2026-06-08 20:52:00', 'E', 'A', 1, NULL, 0),
(1066, 61, '2026-06-08 12:20:00', '2026-06-08 13:47:00', 'E', 'A', 4, NULL, 0),
(1067, 97, '2026-06-08 06:20:00', '2026-06-08 07:58:00', 'E', 'A', 4, NULL, 0),
(1068, 118, '2026-06-08 18:05:00', '2026-06-08 19:54:00', 'E', 'A', 1, NULL, 0),
(1069, 69, '2026-06-08 20:10:00', '2026-06-08 21:26:00', 'E', 'A', 1, NULL, 0),
(1070, 17, '2026-06-08 06:10:00', '2026-06-08 06:57:00', 'E', 'A', 4, NULL, 0),
(1071, 49, '2026-06-08 19:05:00', '2026-06-08 20:48:00', 'E', 'A', 1, NULL, 0),
(1072, 78, '2026-06-08 17:30:00', '2026-06-08 18:40:00', 'E', 'A', 1, NULL, 0),
(1073, 122, '2026-06-08 06:20:00', '2026-06-08 08:04:00', 'E', 'A', 4, NULL, 0),
(1074, 109, '2026-06-08 20:45:00', '2026-06-08 21:52:00', 'E', 'A', 4, NULL, 0),
(1075, 16, '2026-06-08 18:10:00', '2026-06-08 19:15:00', 'E', 'A', 1, NULL, 0),
(1076, 13, '2026-06-08 06:00:00', '2026-06-08 07:37:00', 'E', 'A', 4, NULL, 0),
(1077, 51, '2026-06-08 17:10:00', '2026-06-08 18:10:00', 'E', 'A', 1, NULL, 0),
(1078, 28, '2026-06-08 06:45:00', '2026-06-08 08:20:00', 'E', 'A', 1, NULL, 0),
(1079, 117, '2026-06-08 17:30:00', '2026-06-08 19:11:00', 'E', 'A', 4, NULL, 0),
(1080, 15, '2026-06-08 19:45:00', '2026-06-08 20:44:00', 'E', 'A', 1, NULL, 0),
(1081, 74, '2026-06-08 07:05:00', '2026-06-08 08:51:00', 'E', 'A', 1, NULL, 0),
(1082, 38, '2026-06-08 18:15:00', '2026-06-08 20:02:00', 'E', 'A', 1, NULL, 0),
(1083, 23, '2026-06-08 18:10:00', '2026-06-08 19:52:00', 'E', 'A', 1, NULL, 0),
(1084, 111, '2026-06-08 19:05:00', '2026-06-08 20:26:00', 'E', 'A', 1, NULL, 0),
(1085, 21, '2026-06-08 12:10:00', '2026-06-08 13:34:00', 'E', 'A', 1, NULL, 0),
(1086, 99, '2026-06-08 18:30:00', '2026-06-08 19:52:00', 'E', 'A', 1, NULL, 0),
(1087, 100, '2026-06-08 07:10:00', '2026-06-08 08:44:00', 'E', 'A', 1, NULL, 0),
(1088, 95, '2026-06-08 08:10:00', '2026-06-08 09:13:00', 'E', 'A', 1, NULL, 0),
(1089, 52, '2026-06-08 19:20:00', '2026-06-08 20:56:00', 'E', 'A', 4, NULL, 0),
(1090, 71, '2026-06-08 12:05:00', '2026-06-08 13:54:00', 'E', 'A', 1, NULL, 0),
(1091, 53, '2026-06-08 20:30:00', '2026-06-08 21:36:00', 'E', 'A', 4, NULL, 0),
(1092, 46, '2026-06-08 06:00:00', '2026-06-08 07:28:00', 'E', 'A', 1, NULL, 0),
(1093, 128, '2026-06-08 08:45:00', '2026-06-08 09:45:00', 'E', 'A', 1, NULL, 0),
(1094, 59, '2026-06-09 07:20:00', '2026-06-09 08:39:00', 'E', 'A', 1, NULL, 0),
(1095, 52, '2026-06-09 19:00:00', '2026-06-09 20:01:00', 'E', 'A', 1, NULL, 0),
(1096, 94, '2026-06-09 18:20:00', '2026-06-09 20:06:00', 'E', 'A', 4, NULL, 0),
(1097, 9, '2026-06-09 06:45:00', '2026-06-09 07:39:00', 'E', 'A', 1, NULL, 0),
(1098, 103, '2026-06-09 17:00:00', '2026-06-09 18:12:00', 'E', 'A', 4, NULL, 0),
(1099, 103, '2026-06-09 16:42:00', NULL, 'E', 'A', 1, 'Fatura pendente', 0),
(1100, 26, '2026-06-09 18:15:00', '2026-06-09 19:24:00', 'E', 'A', 4, NULL, 0),
(1101, 85, '2026-06-09 17:10:00', '2026-06-09 18:58:00', 'E', 'A', 1, NULL, 0),
(1102, 130, '2026-06-09 12:30:00', '2026-06-09 13:53:00', 'E', 'A', 1, NULL, 0),
(1103, 18, '2026-06-09 08:20:00', '2026-06-09 10:09:00', 'E', 'A', 1, NULL, 0),
(1104, 70, '2026-06-09 19:05:00', '2026-06-09 20:52:00', 'E', 'A', 1, NULL, 0),
(1105, 21, '2026-06-09 17:05:00', '2026-06-09 18:12:00', 'E', 'A', 1, NULL, 0),
(1106, 15, '2026-06-09 06:45:00', '2026-06-09 08:26:00', 'E', 'A', 1, NULL, 0),
(1107, 115, '2026-06-09 07:45:00', '2026-06-09 08:43:00', 'E', 'A', 1, NULL, 0),
(1108, 64, '2026-06-09 12:20:00', '2026-06-09 14:05:00', 'E', 'A', 1, NULL, 0),
(1109, 63, '2026-06-09 08:30:00', '2026-06-09 09:34:00', 'E', 'A', 1, NULL, 0),
(1110, 66, '2026-06-09 19:45:00', '2026-06-09 20:50:00', 'E', 'A', 1, NULL, 0),
(1111, 47, '2026-06-09 17:20:00', '2026-06-09 18:58:00', 'E', 'A', 1, NULL, 0),
(1112, 117, '2026-06-09 20:45:00', '2026-06-09 22:08:00', 'E', 'A', 1, NULL, 0),
(1113, 81, '2026-06-10 19:00:00', '2026-06-10 20:26:00', 'E', 'A', 4, NULL, 0),
(1114, 116, '2026-06-10 18:05:00', '2026-06-10 19:17:00', 'E', 'A', 4, NULL, 0),
(1115, 79, '2026-06-10 08:10:00', '2026-06-10 09:56:00', 'E', 'A', 4, NULL, 0),
(1116, 109, '2026-06-10 19:15:00', '2026-06-10 21:02:00', 'E', 'A', 1, NULL, 0),
(1117, 101, '2026-06-10 12:00:00', '2026-06-10 12:52:00', 'E', 'A', 1, NULL, 0),
(1118, 98, '2026-06-10 20:00:00', '2026-06-10 21:45:00', 'E', 'A', 1, NULL, 0),
(1119, 54, '2026-06-10 20:30:00', '2026-06-10 22:07:00', 'E', 'A', 1, NULL, 0),
(1120, 1, '2026-06-10 18:20:00', '2026-06-10 19:16:00', 'E', 'A', 4, NULL, 0),
(1121, 127, '2026-06-10 19:10:00', '2026-06-10 20:32:00', 'E', 'A', 1, NULL, 0),
(1122, 121, '2026-06-10 19:30:00', '2026-06-10 20:55:00', 'E', 'A', 1, NULL, 0),
(1123, 52, '2026-06-10 19:05:00', '2026-06-10 20:31:00', 'E', 'A', 4, NULL, 0),
(1124, 8, '2026-06-10 07:30:00', '2026-06-10 08:48:00', 'E', 'A', 1, NULL, 0),
(1125, 53, '2026-06-10 07:30:00', '2026-06-10 09:07:00', 'E', 'A', 4, NULL, 0),
(1126, 46, '2026-06-10 06:20:00', '2026-06-10 07:12:00', 'E', 'A', 1, NULL, 0),
(1127, 46, '2026-06-10 06:27:00', '2026-06-10 07:12:00', 'E', 'V', 3, NULL, 1),
(1128, 83, '2026-06-10 19:10:00', '2026-06-10 20:57:00', 'E', 'A', 1, NULL, 0),
(1129, 104, '2026-06-10 18:20:00', '2026-06-10 19:16:00', 'E', 'A', 1, NULL, 0),
(1130, 18, '2026-06-10 19:00:00', '2026-06-10 20:44:00', 'E', 'A', 1, NULL, 0),
(1131, 59, '2026-06-10 17:10:00', '2026-06-10 18:54:00', 'E', 'A', 4, NULL, 0),
(1132, 99, '2026-06-10 07:10:00', '2026-06-10 08:04:00', 'E', 'A', 1, NULL, 0),
(1133, 36, '2026-06-10 17:30:00', '2026-06-10 19:10:00', 'E', 'A', 1, NULL, 0),
(1134, 3, '2026-06-10 18:15:00', '2026-06-10 19:02:00', 'E', 'A', 1, NULL, 0),
(1135, 105, '2026-06-10 08:05:00', '2026-06-10 09:31:00', 'E', 'A', 4, NULL, 0),
(1136, 91, '2026-06-10 19:10:00', '2026-06-10 20:14:00', 'E', 'A', 1, NULL, 0),
(1137, 26, '2026-06-10 07:00:00', '2026-06-10 07:50:00', 'E', 'A', 1, NULL, 0),
(1138, 27, '2026-06-10 12:10:00', '2026-06-10 13:24:00', 'E', 'A', 1, NULL, 0),
(1139, 85, '2026-06-10 20:05:00', '2026-06-10 21:17:00', 'E', 'A', 1, NULL, 0),
(1140, 85, '2026-06-10 20:13:00', '2026-06-10 21:16:00', 'E', 'V', 3, NULL, 1),
(1141, 92, '2026-06-10 12:15:00', '2026-06-10 13:26:00', 'E', 'A', 4, NULL, 0),
(1142, 33, '2026-06-10 07:45:00', '2026-06-10 09:18:00', 'E', 'A', 1, NULL, 0),
(1143, 38, '2026-06-10 19:30:00', '2026-06-10 20:30:00', 'E', 'A', 1, NULL, 0),
(1144, 92, '2026-06-11 18:45:00', '2026-06-11 20:19:00', 'E', 'A', 4, NULL, 0),
(1145, 92, '2026-06-11 18:50:00', '2026-06-11 20:09:00', 'E', 'V', 3, NULL, 1),
(1146, 82, '2026-06-11 06:45:00', '2026-06-11 08:01:00', 'E', 'A', 1, NULL, 0),
(1147, 107, '2026-06-11 07:30:00', '2026-06-11 09:15:00', 'E', 'A', 1, NULL, 0),
(1148, 49, '2026-06-11 19:30:00', '2026-06-11 20:52:00', 'E', 'A', 1, NULL, 0),
(1149, 54, '2026-06-11 17:05:00', '2026-06-11 18:09:00', 'E', 'A', 1, NULL, 0),
(1150, 127, '2026-06-11 19:00:00', '2026-06-11 20:48:00', 'E', 'A', 1, NULL, 0),
(1151, 12, '2026-06-11 19:10:00', '2026-06-11 20:36:00', 'E', 'A', 1, NULL, 0),
(1152, 103, '2026-06-11 19:00:00', '2026-06-11 20:03:00', 'E', 'A', 4, NULL, 0),
(1153, 65, '2026-06-11 18:20:00', '2026-06-11 19:26:00', 'E', 'A', 1, NULL, 0),
(1154, 47, '2026-06-11 08:15:00', '2026-06-11 09:08:00', 'E', 'A', 1, NULL, 0),
(1155, 62, '2026-06-11 17:20:00', '2026-06-11 19:01:00', 'E', 'A', 1, NULL, 0),
(1156, 33, '2026-06-11 06:15:00', '2026-06-11 08:00:00', 'E', 'A', 1, NULL, 0),
(1157, 66, '2026-06-11 12:20:00', '2026-06-11 13:17:00', 'E', 'A', 4, NULL, 0),
(1158, 15, '2026-06-11 18:05:00', '2026-06-11 19:18:00', 'E', 'A', 1, NULL, 0),
(1159, 59, '2026-06-11 18:30:00', '2026-06-11 19:27:00', 'E', 'A', 4, NULL, 0),
(1160, 3, '2026-06-11 08:10:00', '2026-06-11 09:18:00', 'E', 'A', 1, NULL, 0),
(1161, 1, '2026-06-11 18:20:00', '2026-06-11 19:39:00', 'E', 'A', 1, NULL, 0),
(1162, 129, '2026-06-11 07:30:00', '2026-06-11 08:19:00', 'E', 'A', 4, NULL, 0),
(1163, 125, '2026-06-11 20:00:00', '2026-06-11 21:03:00', 'E', 'A', 1, NULL, 0),
(1164, 128, '2026-06-11 12:00:00', '2026-06-11 13:46:00', 'E', 'A', 4, NULL, 0),
(1165, 52, '2026-06-11 19:20:00', '2026-06-11 20:56:00', 'E', 'A', 4, NULL, 0),
(1166, 110, '2026-06-11 08:15:00', '2026-06-11 09:15:00', 'E', 'A', 1, NULL, 0),
(1167, 13, '2026-06-11 12:05:00', '2026-06-11 13:22:00', 'E', 'A', 1, NULL, 0),
(1168, 46, '2026-06-11 18:30:00', '2026-06-11 19:27:00', 'E', 'A', 1, NULL, 0),
(1169, 123, '2026-06-11 19:15:00', '2026-06-11 20:03:00', 'E', 'A', 1, NULL, 0),
(1170, 40, '2026-06-11 19:00:00', '2026-06-11 20:22:00', 'E', 'A', 1, NULL, 0),
(1171, 9, '2026-06-11 17:00:00', '2026-06-11 18:49:00', 'E', 'A', 1, NULL, 0),
(1172, 56, '2026-06-11 20:05:00', '2026-06-11 21:08:00', 'E', 'A', 1, NULL, 0),
(1173, 84, '2026-06-11 19:20:00', '2026-06-11 20:24:00', 'E', 'A', 1, NULL, 0),
(1174, 39, '2026-06-11 08:20:00', '2026-06-11 09:26:00', 'E', 'A', 1, NULL, 0),
(1175, 30, '2026-06-11 18:45:00', '2026-06-11 19:58:00', 'E', 'A', 1, NULL, 0),
(1176, 90, '2026-06-11 17:05:00', '2026-06-11 18:25:00', 'E', 'A', 1, NULL, 0),
(1177, 11, '2026-06-11 12:20:00', '2026-06-11 13:58:00', 'E', 'A', 4, NULL, 0),
(1178, 1, '2026-06-12 12:05:00', '2026-06-12 13:21:00', 'E', 'A', 1, NULL, 0),
(1179, 20, '2026-06-12 08:15:00', '2026-06-12 09:15:00', 'E', 'A', 1, NULL, 0),
(1180, 65, '2026-06-12 08:10:00', '2026-06-12 08:56:00', 'E', 'A', 1, NULL, 0),
(1181, 80, '2026-06-12 19:20:00', '2026-06-12 21:05:00', 'E', 'A', 1, NULL, 0),
(1182, 54, '2026-06-12 07:30:00', '2026-06-12 09:13:00', 'E', 'A', 1, NULL, 0),
(1183, 119, '2026-06-12 19:10:00', '2026-06-12 20:29:00', 'E', 'A', 1, NULL, 0),
(1184, 94, '2026-06-12 07:15:00', '2026-06-12 08:54:00', 'E', 'A', 1, NULL, 0),
(1185, 79, '2026-06-12 19:45:00', '2026-06-12 21:07:00', 'E', 'A', 1, NULL, 0),
(1186, 77, '2026-06-12 18:20:00', '2026-06-12 19:51:00', 'E', 'A', 1, NULL, 0),
(1187, 123, '2026-06-12 19:15:00', '2026-06-12 20:53:00', 'E', 'A', 1, NULL, 0),
(1188, 9, '2026-06-12 12:30:00', '2026-06-12 13:50:00', 'E', 'A', 1, NULL, 0),
(1189, 8, '2026-06-12 18:10:00', '2026-06-12 19:40:00', 'E', 'A', 1, NULL, 0),
(1190, 8, '2026-06-12 18:18:00', '2026-06-12 19:37:00', 'E', 'V', 3, NULL, 1),
(1191, 97, '2026-06-12 08:15:00', '2026-06-12 09:34:00', 'E', 'A', 1, NULL, 0),
(1192, 53, '2026-06-12 17:20:00', '2026-06-12 18:53:00', 'E', 'A', 4, NULL, 0),
(1193, 53, '2026-06-12 17:22:00', '2026-06-12 18:44:00', 'E', 'V', 3, NULL, 1),
(1194, 18, '2026-06-12 18:00:00', '2026-06-12 18:57:00', 'E', 'A', 1, NULL, 0),
(1195, 19, '2026-06-12 18:30:00', '2026-06-12 20:08:00', 'E', 'A', 4, NULL, 0),
(1196, 62, '2026-06-12 18:15:00', '2026-06-12 19:58:00', 'E', 'A', 1, NULL, 0),
(1197, 106, '2026-06-12 18:45:00', '2026-06-12 20:25:00', 'E', 'A', 1, NULL, 0),
(1198, 21, '2026-06-12 18:10:00', '2026-06-12 19:07:00', 'E', 'A', 1, NULL, 0),
(1199, 98, '2026-06-12 18:45:00', '2026-06-12 20:02:00', 'E', 'A', 1, NULL, 0),
(1200, 104, '2026-06-12 20:05:00', '2026-06-12 21:25:00', 'E', 'A', 4, NULL, 0);
SET IDENTITY_INSERT acessos_catraca OFF;
GO

